norad_id,nome,tipo_objeto,pais,tamanho_rcs,periodo_min,inclinacao,apogeu_km,perigeu_km,altitude_km,velocidade_kms,risco_colisao,eh_detrito,idade_anos,data_lancamento,data_decaimento,alerta_ativo
1,SL-1 R/B,ROCKET BODY,,LARGE,96.19,65.10,938,214,583.19,7.571,9.0,0,,,,0
2,SPUTNIK 1,PAYLOAD,,,96.10,65.00,1080,64,578.86,7.573,9.0,0,,,,0
3,SPUTNIK 2,PAYLOAD,,,103.74,65.33,1659,211,942.48,7.383,9.0,0,,,,0
4,EXPLORER 1,PAYLOAD,,,88.48,33.15,215,183,206.44,7.785,9.0,0,,,,0
7,SL-1 R/B,ROCKET BODY,,,102.74,65.14,1571,206,895.41,7.406,9.0,0,,,,0
8,SPUTNIK 3,PAYLOAD,,,88.43,65.06,255,139,203.96,7.786,9.0,0,,,,0
9,EXPLORER 4,PAYLOAD,,,92.81,50.25,585,239,419.32,7.662,9.0,0,,,,0
10,SCORE,PAYLOAD,,,98.21,32.29,1187,159,680.22,7.519,9.0,0,,,,0
11,VANGUARD 2,PAYLOAD,,MEDIUM,120.96,32.87,2895,553,1730.92,7.014,4.0,0,,,,0
12,VANGUARD R/B,ROCKET BODY,,MEDIUM,125.37,32.90,3286,553,1926.67,6.931,4.0,0,,,,0
18,DISCOVERER 5,PAYLOAD,,,89.10,79.99,323,137,237.13,7.767,9.0,0,,,,0
19,DISCOVERER 6,PAYLOAD,,,90.92,84.00,469,171,326.81,7.714,9.0,0,,,,0
20,VANGUARD 3,PAYLOAD,,MEDIUM,123.93,33.35,3205,507,1863.01,6.958,4.0,0,,,,0
22,EXPLORER 7,PAYLOAD,,MEDIUM,94.21,50.24,534,426,487.43,7.624,6.0,0,,,,0
23,JUNO II R/B,ROCKET BODY,,MEDIUM,89.24,50.27,249,225,244.05,7.763,9.0,0,,,,0
24,DISCOVERER 7,PAYLOAD,,,91.54,81.64,539,161,357.23,7.697,9.0,0,,,,0
25,DISCOVERER 8,PAYLOAD,,,88.03,80.65,239,115,184.12,7.798,9.0,0,,,,0
26,DISCOVERER 5 CAPSULE,PAYLOAD,,,88.73,78.94,280,143,218.82,7.777,9.0,0,,,,0
28,THOR ABLE R/B,ROCKET BODY,,LARGE,87.80,48.34,168,163,172.7,7.805,9.0,0,,,,0
29,TIROS 1,PAYLOAD,,MEDIUM,97.38,48.38,649,618,640.43,7.54,2.5,0,,,,0
30,THOR ABLESTAR R/B,ROCKET BODY,,,88.38,51.25,194,194,201.48,7.788,9.0,0,,,,0
31,TRANSIT 1B,PAYLOAD,,,88.70,51.20,220,201,217.34,7.778,9.0,0,,,,0
32,DISCOVERER 11,PAYLOAD,,,89.70,80.10,377,142,266.76,7.749,9.0,0,,,,0
33,THOR ABLESTAR DEB,DEBRIS,,,93.59,51.29,615,285,457.31,7.64,13.0,1,,,,1
34,SPUTNIK 4,PAYLOAD,,,87.82,64.96,167,167,173.69,7.804,9.0,0,,,,0
35,SL-3 R/B,ROCKET BODY,,,88.48,64.89,199,199,206.44,7.785,9.0,0,,,,0
36,SPUTNIK 4 CABIN,PAYLOAD,,,88.26,64.96,206,171,195.53,7.791,9.0,0,,,,0
37,SPUTNIK 4 DEB,DEBRIS,,,92.92,64.89,552,282,424.68,7.659,13.0,1,,,,1
38,SPUTNIK 4 DEB,DEBRIS,,,90.63,64.89,328,282,312.56,7.723,13.0,1,,,,1
39,SPUTNIK 4 DEB,DEBRIS,,,90.99,64.89,364,283,330.25,7.712,13.0,1,,,,1
40,SPUTNIK 4 DEB,DEBRIS,,,92.13,64.89,475,282,386.11,7.68,13.0,1,,,,1
41,SPUTNIK 4 DEB,DEBRIS,,,90.74,64.89,339,283,317.97,7.72,13.0,1,,,,1
42,SPUTNIK 4 DEB,DEBRIS,,,91.25,64.89,420,251,343.01,7.705,13.0,1,,,,1
43,MIDAS 2,PAYLOAD,,,87.82,33.05,168,165,173.69,7.804,9.0,0,,,,0
44,MIDAS 2 DEB,DEBRIS,,,89.06,33.00,228,228,235.15,7.768,13.0,1,,,,1
45,TRANSIT 2A,PAYLOAD,,MEDIUM,100.28,66.69,949,595,778.95,7.467,4.0,0,,,,0
46,SOLRAD 1 (GREB),PAYLOAD,,MEDIUM,98.98,66.69,852,567,717.02,7.499,4.0,0,,,,0
47,THOR ABLESTAR R/B,ROCKET BODY,,LARGE,99.63,66.66,894,588,748.02,7.483,4.0,0,,,,0
48,DISCOVERER 13,PAYLOAD,,,89.39,82.85,272,216,251.46,7.758,9.0,0,,,,0
49,ECHO 1,PAYLOAD,,,92.70,47.19,419,394,413.95,7.665,9.0,0,,,,0
50,DELTA 1 R/B,ROCKET BODY,,MEDIUM,118.02,47.23,1682,1501,1599.1,7.072,1.5,0,,,,0
51,ECHO 1 DEB (METAL OBJ),DEBRIS,,MEDIUM,118.19,47.21,1684,1515,1606.75,7.069,5.5,1,,,,0
52,ECHO 1 DEB (MYLAR OBJ),DEBRIS,,,118.26,47.38,1711,1494,1609.9,7.067,5.5,1,,,,0
53,ECHO 1 DEB (METAL OBJ),DEBRIS,,MEDIUM,118.28,47.28,1684,1523,1610.8,7.067,5.5,1,,,,0
54,DISCOVERER 14,PAYLOAD,,,87.51,79.65,151,151,158.28,7.813,9.0,0,,,,0
55,SPUTNIK 5,PAYLOAD,,,90.67,64.90,307,307,314.53,7.721,9.0,0,,,,0
56,SL-3 R/B,ROCKET BODY,,,87.95,64.94,177,168,180.15,7.8,9.0,0,,,,0
57,DISCOVERER 15,PAYLOAD,,,88.97,80.90,315,133,230.7,7.77,9.0,0,,,,0
58,COURIER 1B,PAYLOAD,,LARGE,106.95,28.33,1209,962,1092.58,7.308,1.5,0,,,,0
59,THOR ABLESTAR R/B,ROCKET BODY,,LARGE,106.42,28.25,1201,920,1067.91,7.32,1.5,0,,,,0
60,EXPLORER 8,PAYLOAD,,MEDIUM,87.84,49.88,177,158,174.68,7.804,9.0,0,,,,0
61,DISCOVERER 17,PAYLOAD,,,88.41,81.86,226,166,202.97,7.787,9.0,0,,,,0
62,JUNO II R/B,ROCKET BODY,,MEDIUM,87.74,49.89,166,160,169.72,7.806,9.0,0,,,,0
63,TIROS 2,PAYLOAD,,LARGE,87.72,48.44,163,160,168.72,7.807,9.0,0,,,,0
64,DELTA 1 R/B,ROCKET BODY,,MEDIUM,88.54,48.47,208,196,209.41,7.783,9.0,0,,,,0
65,SPUTNIK 6,PAYLOAD,,,88.38,65.00,218,171,201.48,7.788,9.0,0,,,,0
66,SL-3 R/B,ROCKET BODY,,,87.28,65.00,140,140,146.83,7.82,9.0,0,,,,0
67,DISCOVERER 18,PAYLOAD,,,89.08,81.48,279,179,236.14,7.767,9.0,0,,,,0
68,DISCOVERER 19,PAYLOAD,,,89.36,83.40,307,179,249.98,7.759,9.0,0,,,,0
69,JUNO II DEB,DEBRIS,,,90.28,49.27,310,266,295.35,7.733,13.0,1,,,,1
70,SAMOS 2,PAYLOAD,,,88.09,97.22,185,175,187.1,7.796,9.0,0,,,,0
71,SPUTNIK 7,PAYLOAD,,,89.26,64.90,296,180,245.04,7.762,9.0,0,,,,0
72,SL-6 R/B,ROCKET BODY,,,88.87,64.90,228,209,225.75,7.773,9.0,0,,,,0
73,SL-6 DEB,DEBRIS,,,88.21,64.89,227,145,193.05,7.793,13.0,1,,,,1
74,DELTA 1 DEB,DEBRIS,,MEDIUM,89.38,48.54,250,238,250.97,7.758,13.0,1,,,,1
75,DELTA 1 DEB,DEBRIS,,MEDIUM,88.84,48.50,225,209,224.27,7.774,13.0,1,,,,1
76,SL-6 R/B,ROCKET BODY,,,88.98,65.01,238,211,231.2,7.77,9.0,0,,,,0
77,SPUTNIK 8,PAYLOAD,,,88.61,65.01,242,169,212.88,7.781,9.0,0,,,,0
78,SL-6 DEB,DEBRIS,,,89.53,65.01,305,198,258.37,7.754,13.0,1,,,,1
79,ATLAS AGENA A R/B,ROCKET BODY,,,87.27,97.35,161,118,146.34,7.82,9.0,0,,,,0
81,EXPLORER 9,PAYLOAD,,,93.01,38.84,559,285,429.07,7.656,9.0,0,,,,0
82,SCOUT X-1 R/B,ROCKET BODY,,MEDIUM,117.27,38.86,2484,633,1565.3,7.087,2.5,0,,,,0
83,DISCOVERER 20,PAYLOAD,,,88.58,80.83,204,204,211.4,7.782,9.0,0,,,,0
84,DISCOVERER 21,PAYLOAD,,,89.30,80.63,276,204,247.02,7.761,9.0,0,,,,0
85,SCOUT X-1 DEB,DEBRIS,,MEDIUM,92.87,38.63,447,383,422.24,7.66,13.0,1,,,,1
87,TRANSIT 3B/LOFTI 1,PAYLOAD,,,88.09,28.38,225,135,187.1,7.796,9.0,0,,,,0
88,DISCOVERER 20 DEB,DEBRIS,,,90.14,80.91,281,281,288.45,7.737,13.0,1,,,,1
89,DISCOVERER 20 DEB,DEBRIS,,,92.80,80.91,539,284,418.83,7.662,13.0,1,,,,1
90,DISCOVERER 20 DEB,DEBRIS,,,91.01,80.71,327,321,331.23,7.712,13.0,1,,,,1
91,SPUTNIK 9,PAYLOAD,,,87.83,64.93,213,121,174.19,7.804,9.0,0,,,,0
92,SPUTNIK 9 DEB,DEBRIS,,,88.19,64.93,200,170,192.06,7.793,13.0,1,,,,1
93,SPUTNIK 9 DEB,DEBRIS,,,87.94,64.93,173,173,179.65,7.801,13.0,1,,,,1
95,SPUTNIK 10,PAYLOAD,,,88.00,65.00,176,176,182.63,7.799,9.0,0,,,,0
96,SL-3 R/B,ROCKET BODY,,,87.82,65.00,198,135,173.69,7.804,9.0,0,,,,0
97,SL-3 DEB,DEBRIS,,,88.53,65.00,237,167,208.92,7.783,13.0,1,,,,1
99,THOR ABLESTAR DEB,DEBRIS,,MEDIUM,88.98,51.26,227,221,231.2,7.77,13.0,1,,,,1
100,DISCOVERER 23,PAYLOAD,,,89.47,82.23,268,228,255.41,7.756,9.0,0,,,,0
101,THOR ABLE DEB (YO),DEBRIS,,MEDIUM,88.03,48.47,177,177,184.12,7.798,13.0,1,,,,1
102,DISCOVERER 23 CAPSULE,PAYLOAD,,,88.27,81.88,189,189,196.03,7.791,9.0,0,,,,0
103,VOSTOK 1,PAYLOAD,,,89.33,64.95,314,168,248.5,7.76,9.0,0,,,,0
104,SL-3 R/B,ROCKET BODY,,,88.72,65.07,268,155,218.33,7.778,9.0,0,,,,0
105,JUNO II DEB,DEBRIS,,,90.68,50.42,349,266,315.02,7.721,13.0,1,,,,1
106,DISCOVERER 23 DEB,DEBRIS,,,91.11,81.87,473,185,336.14,7.709,13.0,1,,,,1
107,EXPLORER 11,PAYLOAD,,MEDIUM,101.26,28.78,1174,463,825.46,7.442,6.0,0,,,,0
108,DISCOVERER 25,PAYLOAD,,,88.23,82.11,187,187,194.04,7.792,9.0,0,,,,0
109,DISCOVERER 25 DEB,DEBRIS,,,89.36,82.11,262,223,249.98,7.759,13.0,1,,,,1
115,THOR ABLE DEB (YO),DEBRIS,,MEDIUM,96.12,48.16,591,555,579.82,7.573,8.0,1,,,,0
116,TRANSIT 4A,PAYLOAD,,LARGE,103.42,66.81,980,861,927.44,7.39,1.5,0,,,,0
117,SOLRAD 3/INJUN 1,PAYLOAD,,MEDIUM,103.58,66.81,989,867,934.96,7.386,1.5,0,,,,0
118,THOR ABLESTAR R/B,ROCKET BODY,,LARGE,102.66,66.76,949,820,891.64,7.408,1.5,0,,,,0
119,THOR ABLESTAR DEB,DEBRIS,,MEDIUM,100.89,66.73,878,723,807.92,7.451,5.5,1,,,,0
120,THOR ABLESTAR DEB,DEBRIS,,MEDIUM,100.73,66.70,871,715,800.32,7.455,5.5,1,,,,0
121,THOR ABLESTAR DEB,DEBRIS,,MEDIUM,102.84,66.75,959,827,900.12,7.404,5.5,1,,,,0
122,THOR ABLESTAR DEB,DEBRIS,,MEDIUM,95.94,66.74,593,535,571.14,7.577,8.0,1,,,,0
123,THOR ABLESTAR DEB,DEBRIS,,MEDIUM,99.88,66.69,836,670,759.93,7.476,6.5,1,,,,0
124,THOR ABLESTAR DEB,DEBRIS,,MEDIUM,100.28,66.54,818,725,778.95,7.467,5.5,1,,,,0
125,THOR ABLESTAR DEB,DEBRIS,,MEDIUM,102.29,66.88,915,819,874.18,7.417,5.5,1,,,,0
126,THOR ABLESTAR DEB,DEBRIS,,MEDIUM,99.66,66.71,790,695,749.45,7.482,6.5,1,,,,0
127,THOR ABLESTAR DEB,DEBRIS,,MEDIUM,99.41,66.83,774,687,737.54,7.488,6.5,1,,,,0
128,THOR ABLESTAR DEB,DEBRIS,,MEDIUM,102.71,66.67,958,816,894.0,7.407,5.5,1,,,,0
129,THOR ABLESTAR DEB,DEBRIS,,MEDIUM,88.48,66.54,215,183,206.44,7.785,13.0,1,,,,1
130,THOR ABLESTAR DEB,DEBRIS,,MEDIUM,102.90,66.77,962,829,902.95,7.403,5.5,1,,,,0
131,THOR ABLESTAR DEB,DEBRIS,,MEDIUM,102.73,66.73,940,835,894.94,7.407,5.5,1,,,,0
132,THOR ABLESTAR DEB,DEBRIS,,MEDIUM,103.24,66.66,968,856,918.97,7.394,5.5,1,,,,0
133,THOR ABLESTAR DEB,DEBRIS,,MEDIUM,101.19,67.11,849,781,822.14,7.444,5.5,1,,,,0
134,THOR ABLESTAR DEB,DEBRIS,,LARGE,103.02,66.88,963,840,908.61,7.4,5.5,1,,,,0
135,THOR ABLESTAR DEB,DEBRIS,,MEDIUM,89.31,66.68,253,227,247.51,7.76,13.0,1,,,,1
136,THOR ABLESTAR DEB,DEBRIS,,MEDIUM,99.85,67.53,781,723,758.5,7.477,5.5,1,,,,0
137,THOR ABLESTAR DEB,DEBRIS,,MEDIUM,92.26,66.55,405,366,392.46,7.677,13.0,1,,,,1
138,THOR ABLESTAR DEB,DEBRIS,,MEDIUM,102.51,67.15,896,859,884.56,7.412,5.5,1,,,,0
139,THOR ABLESTAR DEB,DEBRIS,,MEDIUM,92.00,67.12,400,346,379.75,7.684,13.0,1,,,,1
140,THOR ABLESTAR DEB,DEBRIS,,,89.92,66.59,311,230,277.61,7.743,13.0,1,,,,1
141,THOR ABLESTAR DEB,DEBRIS,,MEDIUM,103.67,66.59,967,897,939.19,7.384,5.5,1,,,,0
142,THOR ABLESTAR DEB,DEBRIS,,,90.94,67.06,328,313,327.8,7.714,13.0,1,,,,1
143,THOR ABLESTAR DEB,DEBRIS,,,89.84,66.24,294,239,273.67,7.745,13.0,1,,,,1
144,THOR ABLESTAR DEB,DEBRIS,,MEDIUM,103.47,66.50,953,892,929.79,7.389,5.5,1,,,,0
145,THOR ABLESTAR DEB,DEBRIS,,MEDIUM,102.62,66.93,932,833,889.75,7.409,5.5,1,,,,0
146,THOR ABLESTAR DEB,DEBRIS,,,87.32,66.95,190,93,148.83,7.819,13.0,1,,,,1
147,THOR ABLESTAR DEB,DEBRIS,,MEDIUM,101.11,66.62,842,780,818.35,7.446,5.5,1,,,,0
148,THOR ABLESTAR DEB,DEBRIS,,MEDIUM,102.07,65.77,964,749,863.78,7.423,5.5,1,,,,0
149,THOR ABLESTAR DEB,DEBRIS,,MEDIUM,95.67,67.08,559,542,558.11,7.585,8.0,1,,,,0
150,THOR ABLESTAR DEB,DEBRIS,,MEDIUM,104.06,66.25,1000,901,957.52,7.375,5.5,1,,,,0
151,THOR ABLESTAR DEB,DEBRIS,,,91.65,66.84,385,326,362.62,7.694,13.0,1,,,,1
152,THOR ABLESTAR DEB,DEBRIS,,MEDIUM,102.02,66.60,965,743,861.42,7.424,5.5,1,,,,0
153,THOR ABLESTAR DEB,DEBRIS,,MEDIUM,92.10,67.09,391,364,384.64,7.681,13.0,1,,,,1
154,THOR ABLESTAR DEB,DEBRIS,,MEDIUM,102.39,66.66,930,814,878.9,7.415,5.5,1,,,,0
155,THOR ABLESTAR DEB,DEBRIS,,MEDIUM,99.16,66.88,751,687,725.61,7.495,6.5,1,,,,0
156,THOR ABLESTAR DEB,DEBRIS,,MEDIUM,89.86,66.96,281,254,274.65,7.745,13.0,1,,,,1
157,THOR ABLESTAR DEB,DEBRIS,,MEDIUM,90.90,66.71,330,308,325.83,7.715,13.0,1,,,,1
158,THOR ABLESTAR DEB,DEBRIS,,MEDIUM,113.72,67.07,1875,920,1404.32,7.16,5.5,1,,,,0
159,THOR ABLESTAR DEB,DEBRIS,,MEDIUM,110.51,65.53,1528,972,1257.3,7.229,5.5,1,,,,0
160,DISCOVERER 26,PAYLOAD,,,88.99,82.89,267,182,231.69,7.77,9.0,0,,,,0
161,THOR ABLESTAR DEB,DEBRIS,,MEDIUM,88.07,66.66,201,158,186.11,7.797,13.0,1,,,,1
162,TIROS 3,PAYLOAD,,MEDIUM,99.63,47.90,772,709,748.02,7.483,1.5,0,,,,0
164,MIDAS 3 DEB,DEBRIS,,,101.81,90.80,1559,129,851.49,7.429,13.0,1,,,,1
165,DELTA 1 R/B,ROCKET BODY,,MEDIUM,87.76,47.82,169,158,170.71,7.806,9.0,0,,,,0
166,DELTA 1 DEB (YO),DEBRIS,,MEDIUM,89.41,47.93,249,241,252.45,7.758,13.0,1,,,,1
167,DELTA 1 DEB (YO),DEBRIS,,MEDIUM,101.11,47.84,876,747,818.35,7.446,5.5,1,,,,0
168,VOSTOK 2,PAYLOAD,,,88.42,64.84,239,154,203.47,7.786,9.0,0,,,,0
169,SL-3 R/B,ROCKET BODY,,,88.21,64.91,192,180,193.05,7.793,9.0,0,,,,0
171,THOR ABLESTAR DEB,DEBRIS,,,88.78,67.13,214,214,221.3,7.776,13.0,1,,,,1
172,THOR ABLESTAR DEB,DEBRIS,,MEDIUM,105.94,67.07,1132,945,1045.52,7.331,5.5,1,,,,0
173,RANGER 1,PAYLOAD,,,91.31,32.93,506,172,345.95,7.703,9.0,0,,,,0
174,ATLAS AGENA B R/B,ROCKET BODY,,,90.27,32.88,399,176,294.85,7.733,9.0,0,,,,0
175,THOR ABLESTAR DEB,DEBRIS,,MEDIUM,90.26,66.52,302,272,294.36,7.733,13.0,1,,,,1
176,THOR ABLESTAR DEB,DEBRIS,,MEDIUM,91.22,66.73,352,316,341.54,7.706,13.0,1,,,,1
177,THOR ABLESTAR DEB,DEBRIS,,MEDIUM,101.78,66.65,915,770,850.07,7.43,5.5,1,,,,0
178,THOR ABLESTAR DEB,DEBRIS,,MEDIUM,103.37,66.87,975,860,925.08,7.391,5.5,1,,,,0
179,THOR ABLESTAR DEB,DEBRIS,,MEDIUM,90.45,66.85,308,285,303.71,7.728,13.0,1,,,,1
180,EXPLORER 13,PAYLOAD,,,96.43,36.42,810,365,594.76,7.565,9.0,0,,,,0
181,DISCOVERER 29,PAYLOAD,,,90.73,82.08,490,131,317.48,7.72,9.0,0,,,,0
182,DISCOVERER 30,PAYLOAD,,,89.21,82.62,281,190,242.57,7.763,9.0,0,,,,0
183,MERCURY ATLAS 4,PAYLOAD,,,88.40,32.54,241,149,202.48,7.787,9.0,0,,,,0
184,ATLAS D R/B,ROCKET BODY,,,87.47,32.58,149,149,156.29,7.815,9.0,0,,,,0
185,DISCOVERER 30 DEB,DEBRIS,,,90.72,82.58,400,220,316.99,7.72,13.0,1,,,,1
186,DISCOVERER 31,PAYLOAD,,,89.63,82.68,304,209,263.31,7.751,9.0,0,,,,0
187,DISCOVERER 30 DEB,DEBRIS,,,90.80,82.71,421,206,320.92,7.718,13.0,1,,,,1
189,DISCOVERER 32,PAYLOAD,,,88.87,81.64,232,204,225.75,7.773,9.0,0,,,,0
190,DISCOVERER 32 DEB,DEBRIS,,,89.87,81.69,303,234,275.15,7.744,13.0,1,,,,1
191,DISCOVERER 32 DEB,DEBRIS,,,90.14,81.69,329,234,288.45,7.737,13.0,1,,,,1
193,MIDAS 4 DEB (NOSECONE),DEBRIS,,,102.55,94.74,1612,147,886.45,7.411,13.0,1,,,,1
197,DISCOVERER 34,PAYLOAD,,,89.00,82.49,246,204,232.19,7.769,9.0,0,,,,0
198,DISCOVERER 34 DEB,DEBRIS,,,90.53,82.46,368,232,307.65,7.725,13.0,1,,,,1
199,DISCOVERER 34 DEB,DEBRIS,,,92.04,82.50,502,247,381.71,7.683,13.0,1,,,,1
200,DISCOVERER 34 DEB,DEBRIS,,,91.56,82.50,455,247,358.21,7.696,13.0,1,,,,1
201,DISCOVERER 35,PAYLOAD,,,88.82,81.63,216,216,223.28,7.775,9.0,0,,,,0
202,TRANSIT 4B,PAYLOAD,,LARGE,105.59,32.44,1097,947,1029.18,7.339,1.5,0,,,,0
203,DISCOVERER 34 DEB,DEBRIS,,,95.01,82.52,813,226,526.2,7.602,13.0,1,,,,1
204,THOR ABLESTAR R/B,ROCKET BODY,,LARGE,105.49,32.44,1090,944,1024.5,7.342,1.5,0,,,,0
205,TRAAC,PAYLOAD,,MEDIUM,105.68,32.44,1102,951,1033.38,7.337,1.5,0,,,,0
206,RANGER 2,PAYLOAD,,,87.68,33.34,169,149,166.73,7.808,9.0,0,,,,0
207,DISCOVERER 35 DEB,DEBRIS,,,90.79,81.53,447,179,320.43,7.718,13.0,1,,,,1
209,ATLAS D 5 R/B,ROCKET BODY,,,87.45,32.58,165,131,155.3,7.815,9.0,0,,,,0
210,THOR ABLESTAR DEB,DEBRIS,,MEDIUM,103.67,66.46,970,894,939.19,7.384,5.5,1,,,,0
211,THOR ABLESTAR DEB,DEBRIS,,MEDIUM,88.63,66.50,215,198,213.87,7.78,13.0,1,,,,1
212,THOR ABLESTAR DEB,DEBRIS,,MEDIUM,89.52,68.18,265,237,257.88,7.754,13.0,1,,,,1
213,DISCOVERER 36,PAYLOAD,,,88.50,81.18,207,194,207.43,7.784,9.0,0,,,,0
214,OSCAR 1,PAYLOAD,,,88.63,81.14,207,207,213.87,7.78,9.0,0,,,,0
215,DISCOVERER 36 CAPSULE,PAYLOAD,,,90.14,81.21,327,235,288.45,7.737,9.0,0,,,,0
216,THOR ABLESTAR DEB,DEBRIS,,MEDIUM,88.11,66.82,187,175,188.09,7.796,13.0,1,,,,1
217,SAMOS 5,PAYLOAD,,,88.12,89.66,182,182,188.59,7.795,9.0,0,,,,0
218,ATLAS AGENA B R/B,ROCKET BODY,,,88.30,89.68,201,180,197.52,7.79,9.0,0,,,,0
219,SAMOS 5 DEB (REFLECTOR),DEBRIS,,,87.96,89.68,208,139,180.64,7.8,13.0,1,,,,1
220,THOR ABLESTAR DEB,DEBRIS,,,89.20,66.97,235,235,242.07,7.764,13.0,1,,,,1
223,THOR ABLESTAR DEB,DEBRIS,,MEDIUM,103.67,66.89,984,880,939.19,7.384,5.5,1,,,,0
224,THOR ABLESTAR DEB,DEBRIS,,MEDIUM,101.98,66.73,895,810,859.53,7.425,5.5,1,,,,0
225,THOR ABLESTAR DEB,DEBRIS,,MEDIUM,100.11,66.80,839,689,770.87,7.471,6.5,1,,,,0
226,TIROS 4,PAYLOAD,,MEDIUM,99.50,48.30,789,681,741.83,7.486,2.5,0,,,,0
227,DELTA 1 DEB (YO),DEBRIS,,MEDIUM,99.95,48.15,847,665,763.26,7.475,6.5,1,,,,0
228,DELTA 1 DEB (YO),DEBRIS,,MEDIUM,92.81,48.43,415,409,419.32,7.662,10.0,1,,,,1
229,DELTA 1 R/B,ROCKET BODY,,MEDIUM,87.73,48.22,164,160,169.22,7.807,9.0,0,,,,0
230,THOR ABLESTAR DEB,DEBRIS,,MEDIUM,103.09,66.88,973,836,911.9,7.398,5.5,1,,,,0
231,THOR ABLESTAR DEB,DEBRIS,,,88.93,66.84,231,212,228.72,7.772,13.0,1,,,,1
232,THOR ABLESTAR DEB,DEBRIS,,MEDIUM,102.80,66.82,928,854,898.24,7.405,5.5,1,,,,0
233,THOR ABLESTAR DEB,DEBRIS,,MEDIUM,88.70,66.79,221,200,217.34,7.778,13.0,1,,,,1
234,THOR ABLESTAR DEB,DEBRIS,,SMALL,102.56,66.87,927,832,886.92,7.411,5.5,1,,,,0
235,THOR ABLESTAR DEB,DEBRIS,,MEDIUM,102.03,66.96,972,737,861.89,7.424,5.5,1,,,,0
236,THOR ABLESTAR DEB,DEBRIS,,,93.43,67.29,499,386,449.52,7.645,13.0,1,,,,1
237,THOR ABLESTAR DEB,DEBRIS,,,89.87,67.19,288,248,275.15,7.744,13.0,1,,,,1
238,THOR ABLESTAR DEB,DEBRIS,,,92.21,67.06,401,364,390.02,7.678,13.0,1,,,,1
239,THOR ABLESTAR DEB,DEBRIS,,,90.76,66.99,325,298,318.95,7.719,13.0,1,,,,1
240,MERCURY ATLAS 6,PAYLOAD,,,88.48,32.54,249,150,206.44,7.785,9.0,0,,,,0
241,ATLAS D R/B,ROCKET BODY,,,88.13,32.57,211,153,189.08,7.795,9.0,0,,,,0
242,FTV 2301,PAYLOAD,,,88.39,81.94,220,169,201.98,7.787,9.0,0,,,,0
243,THOR ABLESTAR DEB,DEBRIS,,MEDIUM,102.72,66.46,901,874,894.47,7.407,5.5,1,,,,0
244,THOR ABLESTAR DEB,DEBRIS,,MEDIUM,103.17,66.84,954,863,915.67,7.396,5.5,1,,,,0
245,THOR ABLESTAR DEB,DEBRIS,,MEDIUM,101.54,66.10,871,792,838.72,7.435,5.5,1,,,,0
246,THOR ABLESTAR DEB,DEBRIS,,MEDIUM,103.88,66.87,987,897,949.06,7.379,5.5,1,,,,0
247,DISCOVERER 38,PAYLOAD,,,88.32,82.23,201,182,198.51,7.789,9.0,0,,,,0
248,DISCOVERER 38 DEB,DEBRIS,,,88.95,82.23,237,208,229.71,7.771,13.0,1,,,,1
249,DISCOVERER 38 DEB,DEBRIS,,,89.09,82.23,251,208,236.64,7.767,13.0,1,,,,1
250,THOR ABLESTAR DEB,DEBRIS,,MEDIUM,90.53,66.92,312,289,307.65,7.725,13.0,1,,,,1
251,DISCOVERER 38 DEB,DEBRIS,,,89.65,82.23,306,208,264.3,7.751,13.0,1,,,,1
252,THOR ABLESTAR DEB,DEBRIS,,MEDIUM,104.51,67.08,1014,929,978.63,7.364,5.5,1,,,,0
253,THOR ABLESTAR DEB,DEBRIS,,MEDIUM,88.65,66.87,215,200,214.86,7.78,13.0,1,,,,1
254,THOR ABLESTAR DEB,DEBRIS,,MEDIUM,99.12,66.77,754,679,723.71,7.496,6.5,1,,,,0
255,OSO 1,PAYLOAD,,LARGE,87.42,32.81,147,147,153.8,7.816,9.0,0,,,,0
256,SAMOS 6,PAYLOAD,,,87.58,90.89,155,155,161.76,7.811,9.0,0,,,,0
257,DELTA 1 R/B,ROCKET BODY,,,89.24,32.81,237,237,244.05,7.763,9.0,0,,,,0
258,SAMOS 6 DEB (REFLECTOR),DEBRIS,,,88.93,90.82,243,201,228.72,7.772,13.0,1,,,,1
259,ATLAS AGENA B R/B,ROCKET BODY,,,88.44,90.87,198,198,204.46,7.786,9.0,0,,,,0
260,THOR ABLESTAR DEB,DEBRIS,,MEDIUM,99.70,66.77,771,718,751.36,7.481,5.5,1,,,,0
261,THOR ABLESTAR DEB,DEBRIS,,MEDIUM,102.78,66.68,956,824,897.3,7.405,5.5,1,,,,0
262,THOR ABLESTAR DEB,DEBRIS,,MEDIUM,98.62,66.46,727,658,699.83,7.508,6.5,1,,,,0
263,THOR ABLESTAR DEB,DEBRIS,,MEDIUM,99.50,66.53,810,660,741.83,7.486,6.5,1,,,,0
264,THOR ABLESTAR DEB,DEBRIS,,MEDIUM,100.07,66.52,775,748,768.97,7.472,5.5,1,,,,0
265,THOR ABLESTAR DEB,DEBRIS,,MEDIUM,91.27,66.56,339,335,343.99,7.705,13.0,1,,,,1
266,COSMOS 1 (SPUTNIK 11),PAYLOAD,,,89.74,48.99,341,182,268.74,7.748,9.0,0,,,,0
267,SL-7 R/B,ROCKET BODY,,,89.32,49.03,311,172,248.0,7.76,9.0,0,,,,0
268,THOR ABLESTAR DEB,DEBRIS,,MEDIUM,115.04,67.94,1965,949,1464.37,7.132,5.5,1,,,,0
269,COSMOS 2 (SPUTNIK 12),PAYLOAD,,,88.37,48.86,231,157,200.99,7.788,9.0,0,,,,0
270,SL-7 R/B,ROCKET BODY,,,89.99,48.89,379,169,281.06,7.741,9.0,0,,,,0
272,MIDAS 5 DEB,DEBRIS,,,114.09,86.64,2729,99,1421.17,7.152,13.0,1,,,,1
275,THOR ABLESTAR DEB,DEBRIS,,MEDIUM,88.78,66.70,220,208,221.3,7.776,13.0,1,,,,1
276,FTV 1154,PAYLOAD,,,88.10,73.56,181,180,187.59,7.796,9.0,0,,,,0
281,COSMOS 3 (SPUTNIK 13),PAYLOAD,,,88.96,48.95,253,193,230.21,7.771,9.0,0,,,,0
283,SL-7 R/B,ROCKET BODY,,,89.50,48.96,295,205,256.89,7.755,9.0,0,,,,0
284,SL-3 R/B,ROCKET BODY,,,88.28,64.92,190,190,196.52,7.791,9.0,0,,,,0
285,ARIEL 1 (UK-1),PAYLOAD,,,88.25,53.76,191,185,195.04,7.791,9.0,0,,,,0
288,DELTA 1 R/B,ROCKET BODY,,,88.46,53.78,202,194,205.45,7.785,9.0,0,,,,0
290,FTV 1125,PAYLOAD,,,89.86,73.07,361,174,274.65,7.745,9.0,0,,,,0
292,FTV 1126,PAYLOAD,,,88.51,82.29,208,194,207.93,7.784,9.0,0,,,,0
293,FTV 1126 DEB,DEBRIS,,,89.80,82.27,327,202,271.7,7.746,13.0,1,,,,1
294,FTV 1126 DEB,DEBRIS,,,89.95,82.26,278,266,279.09,7.742,13.0,1,,,,1
295,MERCURY ATLAS 7,PAYLOAD,,,88.60,32.60,250,161,212.39,7.781,9.0,0,,,,0
296,ATLAS D 7 R/B,ROCKET BODY,,,88.80,32.50,292,138,222.29,7.775,9.0,0,,,,0
297,COSMOS 5 (SPUTNIK 15),PAYLOAD,,,88.64,48.96,271,144,214.37,7.78,9.0,0,,,,0
298,SL-7 R/B,ROCKET BODY,,,91.11,48.93,484,174,336.14,7.709,9.0,0,,,,0
299,THOR ABLESTAR DEB,DEBRIS,,MEDIUM,105.18,67.17,1149,857,1010.01,7.349,5.5,1,,,,0
300,THOR ABLESTAR DEB,DEBRIS,,MEDIUM,94.33,66.80,497,475,493.25,7.62,10.0,1,,,,1
301,THOR ABLESTAR DEB,DEBRIS,,MEDIUM,91.69,66.78,374,341,364.58,7.693,13.0,1,,,,1
302,FTV 1128,PAYLOAD,,,87.90,74.10,171,171,177.66,7.802,9.0,0,,,,0
304,FTV 1127,PAYLOAD,,,88.83,74.25,243,189,223.77,7.774,9.0,0,,,,0
305,OSCAR 2,PAYLOAD,,,88.51,74.27,292,110,207.93,7.784,9.0,0,,,,0
306,FTV 1127 DEB,DEBRIS,,,89.87,74.26,359,177,275.15,7.744,13.0,1,,,,1
307,SAMOS 8 (FTV 2402),PAYLOAD,,,88.48,96.30,199,199,206.44,7.785,9.0,0,,,,0
308,FTV 2312,PAYLOAD,,,87.80,82.15,170,161,172.7,7.805,9.0,0,,,,0
309,TIROS 5,PAYLOAD,,MEDIUM,98.59,58.09,817,565,698.39,7.509,4.0,0,,,,0
310,FTV 2312 DEB,DEBRIS,,,89.51,82.11,250,250,257.39,7.755,13.0,1,,,,1
311,DELTA 1 R/B,ROCKET BODY,,MEDIUM,87.75,58.02,167,158,170.21,7.806,9.0,0,,,,0
312,DELTA 1 DEB (YO),DEBRIS,,MEDIUM,98.51,58.25,817,557,694.57,7.511,8.0,1,,,,0
313,DELTA 1 DEB (YO),DEBRIS,,MEDIUM,88.19,57.94,190,180,192.06,7.793,13.0,1,,,,1
314,FTV 2312 DEB,DEBRIS,,,90.27,82.05,288,288,294.85,7.733,13.0,1,,,,1
315,FTV 1129,PAYLOAD,,,88.24,75.09,187,187,194.54,7.792,9.0,0,,,,0
316,FTV 1151,PAYLOAD,,,87.74,76.01,163,163,169.72,7.806,9.0,0,,,,0
317,THOR ABLESTAR DEB,DEBRIS,,MEDIUM,92.57,66.38,412,389,407.61,7.668,13.0,1,,,,1
318,THOR ABLESTAR DEB,DEBRIS,,MEDIUM,88.45,66.50,211,184,204.95,7.786,13.0,1,,,,1
319,THOR ABLESTAR DEB,DEBRIS,,MEDIUM,88.51,66.76,208,194,207.93,7.784,13.0,1,,,,1
320,THOR ABLESTAR DEB,DEBRIS,,MEDIUM,100.73,66.91,886,700,800.32,7.455,5.5,1,,,,0
321,THOR ABLESTAR DEB,DEBRIS,,,88.15,67.10,183,183,190.08,7.794,13.0,1,,,,1
322,THOR ABLESTAR DEB,DEBRIS,,,90.14,66.95,298,265,288.45,7.737,13.0,1,,,,1
323,THOR ABLESTAR DEB,DEBRIS,,MEDIUM,101.66,66.84,887,788,844.4,7.433,5.5,1,,,,0
324,THOR ABLESTAR DEB,DEBRIS,,MEDIUM,101.89,66.86,893,803,855.28,7.427,5.5,1,,,,0
325,THOR ABLESTAR DEB,DEBRIS,,MEDIUM,101.19,66.91,852,778,822.14,7.444,5.5,1,,,,0
326,THOR ABLESTAR DEB,DEBRIS,,MEDIUM,91.10,66.93,351,306,335.65,7.709,13.0,1,,,,1
327,THOR ABLESTAR DEB,DEBRIS,,MEDIUM,103.53,66.54,1004,847,932.61,7.388,5.5,1,,,,0
328,THOR ABLESTAR DEB,DEBRIS,,,92.70,66.61,467,347,413.95,7.665,13.0,1,,,,1
329,THOR ABLESTAR DEB,DEBRIS,,MEDIUM,105.41,66.78,1098,929,1020.76,7.343,5.5,1,,,,0
330,THOR ABLESTAR DEB,DEBRIS,,MEDIUM,102.36,66.98,902,839,877.48,7.416,5.5,1,,,,0
331,THOR ABLESTAR DEB,DEBRIS,,MEDIUM,91.02,66.92,340,309,331.72,7.712,13.0,1,,,,1
332,THOR ABLESTAR DEB,DEBRIS,,,90.53,67.06,316,286,307.65,7.725,13.0,1,,,,1
333,THOR ABLESTAR DEB,DEBRIS,,MEDIUM,96.96,66.70,643,584,620.26,7.551,8.0,1,,,,0
334,THOR ABLESTAR DEB,DEBRIS,,MEDIUM,103.47,66.92,976,869,929.79,7.389,5.5,1,,,,0
335,THOR ABLESTAR DEB,DEBRIS,,MEDIUM,101.20,66.84,843,788,822.61,7.444,5.5,1,,,,0
336,THOR ABLESTAR DEB,DEBRIS,,MEDIUM,105.17,67.03,1057,947,1009.54,7.349,5.5,1,,,,0
337,THOR ABLESTAR DEB,DEBRIS,,MEDIUM,104.62,67.01,1057,897,983.79,7.362,5.5,1,,,,0
338,COSMOS 6 (SPUTNIK 16),PAYLOAD,,,88.28,48.95,189,189,196.52,7.791,9.0,0,,,,0
339,SL-7 R/B,ROCKET BODY,,,88.95,48.93,223,223,229.71,7.771,9.0,0,,,,0
342,ATLAS AGENA B R/B,ROCKET BODY,,,88.22,96.12,198,175,193.55,7.792,9.0,0,,,,0
343,SAMOS 9 (FTV 2403),PAYLOAD,,,88.28,96.11,215,163,196.52,7.791,9.0,0,,,,0
344,FTV 1130,PAYLOAD,,,87.59,70.29,155,155,162.26,7.811,9.0,0,,,,0
345,FTV 1131,PAYLOAD,,,88.27,71.09,190,188,196.03,7.791,9.0,0,,,,0
346,COSMOS 7 (SPUTNIK 17),PAYLOAD,,,90.04,64.95,352,201,283.53,7.739,9.0,0,,,,0
347,SL-3 R/B,ROCKET BODY,,,87.77,64.91,164,164,171.21,7.806,9.0,0,,,,0
350,THOR ABLESTAR DEB,DEBRIS,,MEDIUM,101.22,66.91,905,728,823.56,7.443,5.5,1,,,,0
351,THOR ABLESTAR DEB,DEBRIS,,MEDIUM,96.89,66.74,630,589,616.89,7.553,8.0,1,,,,0
352,THOR ABLESTAR DEB,DEBRIS,,,89.52,66.48,266,235,257.88,7.754,13.0,1,,,,1
353,THOR ABLESTAR DEB,DEBRIS,,MEDIUM,88.57,66.45,218,189,210.9,7.782,13.0,1,,,,1
354,THOR ABLESTAR DEB,DEBRIS,,MEDIUM,106.71,67.06,1202,947,1081.41,7.313,5.5,1,,,,0
355,THOR ABLESTAR DEB,DEBRIS,,MEDIUM,107.94,67.23,1316,947,1138.57,7.286,5.5,1,,,,0
356,THOR ABLESTAR DEB,DEBRIS,,MEDIUM,90.05,66.96,284,270,284.02,7.739,13.0,1,,,,1
357,THOR ABLESTAR DEB,DEBRIS,,MEDIUM,102.16,66.81,873,849,868.04,7.42,5.5,1,,,,0
358,THOR ABLESTAR DEB,DEBRIS,,,91.00,66.27,339,308,330.74,7.712,13.0,1,,,,1
359,THOR ABLESTAR DEB,DEBRIS,,,88.91,67.01,229,212,227.73,7.772,13.0,1,,,,1
360,FTV 1152,PAYLOAD,,,88.58,82.25,215,194,211.4,7.782,9.0,0,,,,0
361,SAMOS 10 (FTV 2404),PAYLOAD,,,88.55,96.30,203,203,209.91,7.783,9.0,0,,,,0
362,FTV 1152 DEB,DEBRIS,,,91.69,82.20,514,201,364.58,7.693,13.0,1,,,,1
363,VOSTOK 3,PAYLOAD,,,88.08,64.96,200,158,186.6,7.796,9.0,0,,,,0
364,SL-3 R/B,ROCKET BODY,,,87.53,64.82,152,152,159.27,7.813,9.0,0,,,,0
365,VOSTOK 4,PAYLOAD,,,88.22,65.00,210,163,193.55,7.792,9.0,0,,,,0
366,SL-3 R/B,ROCKET BODY,,MEDIUM,87.54,64.96,173,132,159.77,7.812,9.0,0,,,,0
367,COSMOS 8 (SPUTNIK 18),PAYLOAD,,,88.04,48.92,188,167,184.62,7.798,9.0,0,,,,0
368,SL-7 R/B,ROCKET BODY,,,88.96,49.04,236,210,230.21,7.771,9.0,0,,,,0
369,FTV 3502,PAYLOAD,,MEDIUM,96.50,98.46,646,536,598.13,7.563,4.0,0,,,,0
370,SCOUT X-2M DEB,DEBRIS,,MEDIUM,89.56,98.53,264,241,259.86,7.753,13.0,1,,,,1
371,SPUTNIK 19,PAYLOAD,,,87.50,64.86,151,151,157.78,7.814,9.0,0,,,,0
372,SL-6 R/B,ROCKET BODY,,,88.62,64.89,255,158,213.38,7.781,9.0,0,,,,0
373,SL-6 DEB,DEBRIS,,,89.11,65.59,331,131,237.63,7.766,13.0,1,,,,1
376,SL-6 DEB,DEBRIS,,,88.65,65.59,284,131,214.86,7.78,13.0,1,,,,1
377,FTV 1153,PAYLOAD,,,87.90,65.21,174,167,177.66,7.802,9.0,0,,,,0
378,SCOUT X-2M DEB,DEBRIS,,MEDIUM,88.76,98.38,223,204,220.31,7.776,13.0,1,,,,1
379,SL-6 DEB,DEBRIS,,,88.08,65.59,228,131,186.6,7.796,13.0,1,,,,1
380,SL-6 DEB,DEBRIS,,,87.99,65.59,220,131,182.13,7.799,13.0,1,,,,1
381,SPUTNIK 20,PAYLOAD,,,88.82,64.80,247,186,223.28,7.775,9.0,0,,,,0
382,SL-6 R/B,ROCKET BODY,,,87.78,64.72,165,164,171.7,7.805,9.0,0,,,,0
383,SL-6 DEB,DEBRIS,,,88.06,64.68,179,179,185.61,7.797,13.0,1,,,,1
384,SL-6 DEB,DEBRIS,,,87.41,64.72,146,146,153.31,7.816,13.0,1,,,,1
385,FTV 1132,PAYLOAD,,,88.88,82.79,236,202,226.25,7.773,9.0,0,,,,0
386,SL-6 DEB,DEBRIS,,,89.63,65.31,359,153,263.31,7.751,13.0,1,,,,1
387,SL-6 DEB,DEBRIS,,,90.04,65.33,341,212,283.53,7.739,13.0,1,,,,1
388,SCOUT X-2M R/B,ROCKET BODY,,MEDIUM,87.28,98.52,144,135,146.83,7.82,9.0,0,,,,0
390,SL-6 R/B,ROCKET BODY,,,87.54,64.80,152,152,159.77,7.812,9.0,0,,,,0
391,SL-6 DEB,DEBRIS,,,88.02,64.75,177,177,183.62,7.798,13.0,1,,,,1
392,SL-6 DEB,DEBRIS,,,88.14,64.83,203,162,189.58,7.795,13.0,1,,,,1
393,SL-6 DEB,DEBRIS,,,87.92,64.83,181,162,178.66,7.801,13.0,1,,,,1
394,SL-6 DEB,DEBRIS,,,87.80,64.83,169,162,172.7,7.805,13.0,1,,,,1
395,SL-6 DEB,DEBRIS,,,88.69,64.75,230,190,216.84,7.779,13.0,1,,,,1
396,FTV 1133/ERS 2,PAYLOAD,,,88.06,81.83,179,179,185.61,7.797,9.0,0,,,,0
397,TIROS 6,PAYLOAD,,MEDIUM,96.26,58.30,588,571,586.57,7.569,4.0,0,,,,0
398,DELTA 1 R/B,ROCKET BODY,,LARGE,88.15,58.24,188,178,190.08,7.794,9.0,0,,,,0
399,DELTA 1 DEB (YO),DEBRIS,,MEDIUM,88.03,58.37,182,172,184.12,7.798,13.0,1,,,,1
400,DELTA 1 DEB (YO),DEBRIS,,MEDIUM,87.98,58.15,180,169,181.64,7.799,13.0,1,,,,1
401,THOR ABLESTAR DEB,DEBRIS,,MEDIUM,91.26,67.00,346,327,343.5,7.705,13.0,1,,,,1
402,THOR ABLESTAR DEB,DEBRIS,,MEDIUM,97.74,66.65,672,630,657.7,7.531,6.5,1,,,,0
403,THOR ABLESTAR DEB,DEBRIS,,MEDIUM,104.25,66.84,977,942,966.43,7.37,5.5,1,,,,0
404,THOR ABLESTAR DEB,DEBRIS,,MEDIUM,111.41,66.47,1717,866,1298.66,7.209,5.5,1,,,,0
405,THOR ABLESTAR DEB,DEBRIS,,MEDIUM,105.36,66.89,1076,947,1018.43,7.345,5.5,1,,,,0
406,THOR ABLESTAR DEB,DEBRIS,,MEDIUM,105.14,66.78,1084,918,1008.14,7.35,5.5,1,,,,0
407,THOR ABLESTAR DEB,DEBRIS,,MEDIUM,88.43,66.26,207,186,203.96,7.786,13.0,1,,,,1
408,THOR ABLESTAR DEB,DEBRIS,,MEDIUM,104.56,66.78,1017,931,980.97,7.363,5.5,1,,,,0
409,THOR ABLESTAR DEB,DEBRIS,,MEDIUM,100.77,66.71,841,749,802.22,7.454,5.5,1,,,,0
410,THOR ABLESTAR DEB,DEBRIS,,MEDIUM,104.60,66.69,986,965,982.85,7.362,5.5,1,,,,0
411,THOR ABLESTAR DEB,DEBRIS,,MEDIUM,95.31,66.88,560,507,540.72,7.594,8.0,1,,,,0
412,THOR ABLESTAR DEB,DEBRIS,,MEDIUM,90.61,67.18,326,283,311.58,7.723,13.0,1,,,,1
413,THOR ABLESTAR DEB,DEBRIS,,MEDIUM,91.06,66.44,336,317,333.69,7.71,13.0,1,,,,1
414,THOR ABLESTAR DEB,DEBRIS,,MEDIUM,104.53,66.44,1002,942,979.57,7.364,5.5,1,,,,0
415,THOR ABLESTAR DEB,DEBRIS,,MEDIUM,89.84,67.62,287,246,273.67,7.745,13.0,1,,,,1
416,THOR ABLESTAR DEB,DEBRIS,,MEDIUM,101.79,66.50,900,787,850.55,7.429,5.5,1,,,,0
417,THOR ABLESTAR DEB,DEBRIS,,MEDIUM,101.36,66.75,867,779,830.2,7.44,5.5,1,,,,0
418,THOR ABLESTAR DEB,DEBRIS,,MEDIUM,88.39,67.63,201,189,201.98,7.787,13.0,1,,,,1
419,THOR ABLESTAR DEB,DEBRIS,,MEDIUM,90.30,66.84,308,271,296.33,7.732,13.0,1,,,,1
420,THOR ABLESTAR DEB,DEBRIS,,MEDIUM,100.41,66.81,841,715,785.13,7.463,5.5,1,,,,0
421,THOR ABLESTAR DEB,DEBRIS,,MEDIUM,91.41,66.68,350,338,350.86,7.701,13.0,1,,,,1
422,COSMOS 9,PAYLOAD,,,90.90,64.99,340,297,325.83,7.715,9.0,0,,,,0
423,SL-3 R/B,ROCKET BODY,,,88.71,64.94,211,211,217.83,7.778,9.0,0,,,,0
424,ALOUETTE 1 (S-27),PAYLOAD,,LARGE,105.14,80.47,1017,985,1008.14,7.35,1.5,0,,,,0
425,SL-3 DEB,DEBRIS,,,90.15,64.99,282,282,288.95,7.736,13.0,1,,,,1
426,THOR AGENA B R/B,ROCKET BODY,,LARGE,105.20,80.47,1017,991,1010.94,7.348,1.5,0,,,,0
427,FTV 1154,PAYLOAD,,,89.07,65.40,260,197,235.65,7.767,9.0,0,,,,0
428,SL-3 DEB,DEBRIS,,,90.43,64.99,295,295,302.73,7.728,13.0,1,,,,1
429,SL-3 DEB,DEBRIS,,,90.35,64.99,292,292,298.79,7.731,13.0,1,,,,1
430,SL-3 DEB,DEBRIS,,,89.93,64.99,271,271,278.11,7.743,13.0,1,,,,1
431,SL-3 DEB,DEBRIS,,,90.57,64.99,308,297,309.61,7.724,13.0,1,,,,1
433,MERCURY ATLAS 8,PAYLOAD,,,88.92,32.55,286,156,228.23,7.772,9.0,0,,,,0
434,ATLAS D R/B,ROCKET BODY,,,88.85,32.55,277,157,224.76,7.774,9.0,0,,,,0
435,SL-3 DEB,DEBRIS,,,89.63,64.99,256,256,263.31,7.751,13.0,1,,,,1
436,FTV 1134,PAYLOAD,,,88.31,81.96,191,191,198.01,7.79,9.0,0,,,,0
437,COSMOS 10,PAYLOAD,,,90.17,65.00,369,197,289.93,7.736,9.0,0,,,,0
438,SL-3 R/B,ROCKET BODY,,,88.48,64.90,203,196,206.44,7.785,9.0,0,,,,0
441,COSMOS 11,PAYLOAD,,,87.73,48.93,166,158,169.22,7.807,9.0,0,,,,0
442,SL-7 R/B,ROCKET BODY,,,88.90,48.94,237,203,227.24,7.772,9.0,0,,,,0
443,SPUTNIK 22,PAYLOAD,,,89.13,65.11,261,202,238.61,7.766,9.0,0,,,,0
444,STARAD (FTV 1401),PAYLOAD,,,90.06,71.21,398,157,284.51,7.739,9.0,0,,,,0
445,EXPLORER 15 (SERB 53B),PAYLOAD,,,94.12,18.02,800,152,483.06,7.626,9.0,0,,,,0
446,ANNA 1B,PAYLOAD,,MEDIUM,107.84,50.14,1179,1074,1133.93,7.288,1.5,0,,,,0
447,THOR ABLESTAR R/B,ROCKET BODY,,LARGE,107.53,50.13,1162,1063,1119.54,7.295,1.5,0,,,,0
448,SL-6 R/B,ROCKET BODY,,,88.25,65.09,218,158,195.04,7.791,9.0,0,,,,0
449,SL-6 DEB,DEBRIS,,,88.15,65.09,208,158,190.08,7.794,13.0,1,,,,1
451,SPUTNIK 24,PAYLOAD,,,87.90,64.85,171,171,177.66,7.802,9.0,0,,,,0
452,SL-6 DEB,DEBRIS,,,88.86,64.85,251,185,225.26,7.774,13.0,1,,,,1
453,FTV 1136,PAYLOAD,,,88.92,74.97,260,182,228.23,7.772,9.0,0,,,,0
454,SL-6 R/B,ROCKET BODY,,,88.16,64.68,208,158,190.57,7.794,9.0,0,,,,0
456,SPUTNIK 22 DEB,DEBRIS,,,88.97,64.84,264,183,230.7,7.77,13.0,1,,,,1
457,SPUTNIK 22 DEB,DEBRIS,,,88.15,64.85,226,140,190.08,7.794,13.0,1,,,,1
458,SPUTNIK 22 DEB,DEBRIS,,,88.92,64.92,246,196,228.23,7.772,13.0,1,,,,1
459,SPUTNIK 22 DEB,DEBRIS,,,89.16,64.87,295,171,240.1,7.765,13.0,1,,,,1
460,SPUTNIK 22 DEB,DEBRIS,,,88.96,64.73,264,182,230.21,7.771,13.0,1,,,,1
461,THOR ABLESTAR DEB,DEBRIS,,MEDIUM,95.50,67.49,560,525,549.9,7.589,8.0,1,,,,0
462,THOR ABLESTAR DEB,DEBRIS,,MEDIUM,90.26,67.55,296,279,294.36,7.733,13.0,1,,,,1
463,THOR ABLESTAR DEB,DEBRIS,,MEDIUM,98.82,66.77,739,665,709.38,7.503,6.5,1,,,,0
464,THOR ABLESTAR DEB,DEBRIS,,MEDIUM,89.28,67.57,245,233,246.03,7.761,13.0,1,,,,1
465,THOR ABLESTAR DEB,DEBRIS,,MEDIUM,99.93,66.32,783,728,762.3,7.475,5.5,1,,,,0
466,THOR ABLESTAR DEB,DEBRIS,,MEDIUM,88.21,66.73,191,181,193.05,7.793,13.0,1,,,,1
467,THOR ABLESTAR DEB,DEBRIS,,MEDIUM,106.08,66.56,1229,861,1052.05,7.328,5.5,1,,,,0
468,THOR ABLESTAR DEB,DEBRIS,,MEDIUM,91.06,66.56,343,310,333.69,7.71,13.0,1,,,,1
469,THOR ABLESTAR DEB,DEBRIS,,MEDIUM,100.34,66.83,819,731,781.8,7.465,5.5,1,,,,0
470,THOR ABLESTAR DEB,DEBRIS,,MEDIUM,102.18,66.23,913,811,868.98,7.42,5.5,1,,,,0
471,THOR ABLESTAR DEB,DEBRIS,,MEDIUM,88.95,66.79,237,209,229.71,7.771,13.0,1,,,,1
472,THOR ABLESTAR DEB,DEBRIS,,MEDIUM,88.66,66.70,213,203,215.36,7.779,13.0,1,,,,1
473,THOR ABLESTAR DEB,DEBRIS,,,92.64,67.15,420,388,411.02,7.666,13.0,1,,,,1
474,THOR ABLESTAR DEB,DEBRIS,,MEDIUM,89.35,66.20,246,239,249.49,7.759,13.0,1,,,,1
475,THOR ABLESTAR DEB,DEBRIS,,MEDIUM,101.13,66.22,906,719,819.3,7.446,5.5,1,,,,0
476,THOR ABLESTAR DEB,DEBRIS,,MEDIUM,88.97,67.01,240,208,230.7,7.77,13.0,1,,,,1
477,THOR ABLESTAR DEB,DEBRIS,,MEDIUM,90.86,66.58,335,299,323.87,7.716,13.0,1,,,,1
478,THOR ABLESTAR DEB,DEBRIS,,MEDIUM,96.25,66.06,603,555,586.09,7.569,8.0,1,,,,0
479,THOR ABLESTAR DEB,DEBRIS,,MEDIUM,88.47,66.62,206,191,205.94,7.785,13.0,1,,,,1
480,THOR ABLESTAR DEB,DEBRIS,,MEDIUM,99.84,66.24,803,699,758.02,7.477,6.5,1,,,,0
481,FTV 1135,PAYLOAD,,,88.34,65.13,193,193,199.5,7.789,9.0,0,,,,0
482,SPUTNIK 22 DEB,DEBRIS,,,88.96,64.75,279,168,230.21,7.771,13.0,1,,,,1
483,SPUTNIK 22 DEB,DEBRIS,,,88.72,64.74,253,170,218.33,7.778,13.0,1,,,,1
484,SPUTNIK 22 DEB,DEBRIS,,,89.40,64.87,313,177,251.96,7.758,13.0,1,,,,1
485,SPUTNIK 22 DEB,DEBRIS,,,89.57,64.73,342,164,260.35,7.753,13.0,1,,,,1
486,SPUTNIK 22 DEB,DEBRIS,,,89.38,64.87,310,178,250.97,7.758,13.0,1,,,,1
487,SPUTNIK 22 DEB,DEBRIS,,,90.58,64.87,429,178,310.11,7.724,13.0,1,,,,1
488,SL-6 DEB,DEBRIS,,,89.47,64.71,316,181,255.41,7.756,13.0,1,,,,1
489,SL-6 DEB,DEBRIS,,,89.48,64.73,259,239,255.91,7.756,13.0,1,,,,1
490,FTV 1155,PAYLOAD,,,88.36,65.19,262,124,200.49,7.788,9.0,0,,,,0
491,SPUTNIK 22 DEB,DEBRIS,,,88.60,64.95,244,166,212.39,7.781,13.0,1,,,,1
492,SPUTNIK 22 DEB,DEBRIS,,,89.89,64.79,367,171,276.13,7.744,13.0,1,,,,1
493,SPUTNIK 22 DEB,DEBRIS,,,88.70,64.95,291,130,217.34,7.778,13.0,1,,,,1
494,SPUTNIK 22 DEB,DEBRIS,,,89.65,64.95,343,171,264.3,7.751,13.0,1,,,,1
495,SPUTNIK 22 DEB,DEBRIS,,,88.58,64.76,233,176,211.4,7.782,13.0,1,,,,1
496,SPUTNIK 22 DEB,DEBRIS,,,87.70,64.69,177,145,167.73,7.808,13.0,1,,,,1
497,SPUTNIK 22 DEB,DEBRIS,,,88.43,64.93,233,160,203.96,7.786,13.0,1,,,,1
498,SPUTNIK 22 DEB,DEBRIS,,,90.28,64.96,394,182,295.35,7.733,13.0,1,,,,1
499,SPUTNIK 22 DEB,DEBRIS,,,90.11,64.96,379,181,286.98,7.737,13.0,1,,,,1
500,SPUTNIK 22 DEB,DEBRIS,,,89.49,64.76,421,77,256.4,7.755,13.0,1,,,,1
501,SPUTNIK 22 DEB,DEBRIS,,,89.79,64.55,357,171,271.2,7.747,13.0,1,,,,1
502,BLACK SPHERE,PAYLOAD,,,88.90,70.23,270,171,227.24,7.772,9.0,0,,,,0
504,INJUN 3,PAYLOAD,,,87.95,70.21,185,161,180.15,7.8,9.0,0,,,,0
505,FTV 1156,PAYLOAD,,,89.01,70.95,274,177,232.68,7.769,9.0,0,,,,0
506,EXPLORER 16,PAYLOAD,,MEDIUM,103.91,52.00,1145,742,950.47,7.379,1.5,0,,,,0
507,SURCAL 1,PAYLOAD,,,91.21,70.24,475,193,341.05,7.706,9.0,0,,,,0
508,SURCAL 1A,PAYLOAD,,,88.67,70.24,253,164,215.85,7.779,9.0,0,,,,0
509,TRANSIT 5A,PAYLOAD,,LARGE,88.50,90.55,203,197,207.43,7.784,9.0,0,,,,0
510,THOR AGENA B DEB,DEBRIS,,MEDIUM,105.10,80.51,1011,987,1006.26,7.351,5.5,1,,,,0
511,THOR AGENA B DEB,DEBRIS,,MEDIUM,105.22,80.43,1028,981,1011.88,7.348,5.5,1,,,,0
512,SPUTNIK 22 DEB,DEBRIS,,,90.66,64.92,441,173,314.04,7.722,13.0,1,,,,1
513,CALSPHERE 1A,PAYLOAD,,,88.25,70.16,216,159,195.04,7.791,9.0,0,,,,0
514,SCOUT X-3 DEB,DEBRIS,,,90.27,90.60,288,288,294.85,7.733,13.0,1,,,,1
516,THOR ABLESTAR DEB,DEBRIS,,MEDIUM,103.39,65.99,975,863,926.03,7.391,5.5,1,,,,0
517,COSMOS 12,PAYLOAD,,,90.39,64.92,388,200,300.76,7.729,9.0,0,,,,0
518,SL-3 R/B,ROCKET BODY,,,88.06,64.87,198,159,185.61,7.797,9.0,0,,,,0
519,SCOUT X-3 R/B,ROCKET BODY,,LARGE,87.85,90.59,174,162,175.18,7.803,9.0,0,,,,0
520,THOR AGENA D R/B,ROCKET BODY,,,87.94,70.19,193,151,179.65,7.801,9.0,0,,,,0
521,SPUTNIK 25,PAYLOAD,,,87.53,64.63,152,152,159.27,7.813,9.0,0,,,,0
522,SPUTNIK 25 DEB,DEBRIS,,,87.98,64.75,175,174,181.64,7.799,13.0,1,,,,1
523,SCOUT X-3 DEB (YO),DEBRIS,,MEDIUM,90.39,90.42,302,285,300.76,7.729,13.0,1,,,,1
524,SPUTNIK 25 DEB,DEBRIS,,,88.32,64.73,219,163,198.51,7.789,13.0,1,,,,1
525,FTV 1157,PAYLOAD,,,88.70,82.19,256,164,217.34,7.778,9.0,0,,,,0
526,FTV 1157 DEB,DEBRIS,,,88.82,82.23,252,180,223.28,7.775,13.0,1,,,,1
527,FTV 2313,PAYLOAD,,,88.19,81.88,185,185,192.06,7.793,9.0,0,,,,0
528,FTV 2313 DEB,DEBRIS,,,91.43,81.86,356,333,351.84,7.7,13.0,1,,,,1
529,FTV 2313 DEB,DEBRIS,,,89.45,81.82,257,238,254.43,7.756,13.0,1,,,,1
530,THOR ABLESTAR DEB,DEBRIS,,MEDIUM,102.90,66.88,954,838,902.95,7.403,5.5,1,,,,0
531,THOR ABLESTAR DEB,DEBRIS,,,88.62,66.00,206,206,213.38,7.781,13.0,1,,,,1
532,DELTA 1 R/B,ROCKET BODY,,MEDIUM,100.76,32.55,1430,160,801.75,7.455,9.0,0,,,,0
533,FTV 0240,PAYLOAD,,LARGE,87.80,100.41,173,158,172.7,7.805,9.0,0,,,,0
534,SCOUT X-3M R/B,ROCKET BODY,,MEDIUM,87.78,100.41,171,158,171.7,7.805,9.0,0,,,,0
535,SCOUT X-3M DEB,DEBRIS,,,89.17,100.36,248,219,240.59,7.765,13.0,1,,,,1
536,SCOUT X-3M DEB,DEBRIS,,MEDIUM,91.62,100.47,369,340,361.15,7.695,13.0,1,,,,1
537,THOR ABLESTAR DEB,DEBRIS,,MEDIUM,105.49,67.22,1150,885,1024.5,7.342,5.5,1,,,,0
538,THOR ABLESTAR DEB,DEBRIS,,MEDIUM,98.26,67.81,683,668,682.61,7.517,6.5,1,,,,0
539,THOR ABLESTAR DEB,DEBRIS,,MEDIUM,89.70,66.91,272,247,266.76,7.749,13.0,1,,,,1
540,THOR ABLESTAR DEB,DEBRIS,,MEDIUM,90.86,66.79,336,297,323.87,7.716,13.0,1,,,,1
541,THOR ABLESTAR DEB,DEBRIS,,MEDIUM,103.87,67.22,1002,881,948.59,7.379,5.5,1,,,,0
542,THOR ABLESTAR DEB,DEBRIS,,MEDIUM,90.12,68.07,300,261,287.47,7.737,13.0,1,,,,1
543,THOR ABLESTAR DEB,DEBRIS,,MEDIUM,105.17,67.03,1055,949,1009.54,7.349,5.5,1,,,,0
544,THOR ABLESTAR DEB,DEBRIS,,MEDIUM,106.18,66.87,1193,907,1056.72,7.326,5.5,1,,,,0
545,THOR ABLESTAR DEB,DEBRIS,,MEDIUM,105.03,67.23,1108,883,1002.99,7.352,5.5,1,,,,0
546,THOR ABLESTAR DEB,DEBRIS,,MEDIUM,89.59,67.14,269,240,261.34,7.752,13.0,1,,,,1
547,THOR ABLESTAR DEB,DEBRIS,,MEDIUM,90.67,66.82,315,301,314.53,7.721,13.0,1,,,,1
548,THOR ABLESTAR DEB,DEBRIS,,MEDIUM,97.56,66.67,705,579,649.07,7.535,8.0,1,,,,0
549,THOR ABLESTAR DEB,DEBRIS,,MEDIUM,107.75,66.69,1285,960,1129.76,7.29,5.5,1,,,,0
550,THOR ABLESTAR DEB,DEBRIS,,MEDIUM,90.87,66.99,334,300,324.36,7.716,13.0,1,,,,1
551,THOR ABLESTAR DEB,DEBRIS,,MEDIUM,88.12,66.74,187,176,188.59,7.795,13.0,1,,,,1
552,THOR ABLESTAR DEB,DEBRIS,,MEDIUM,102.88,67.74,966,825,902.01,7.403,5.5,1,,,,0
554,COSMOS 13,PAYLOAD,,,89.66,64.91,320,195,264.79,7.75,9.0,0,,,,0
555,SL-3 R/B,ROCKET BODY,,,88.25,64.85,188,188,195.04,7.791,9.0,0,,,,0
556,THOR ABLESTAR DEB,DEBRIS,,MEDIUM,89.96,67.09,289,256,279.58,7.742,13.0,1,,,,1
557,THOR ABLESTAR DEB,DEBRIS,,,91.96,67.49,398,344,377.79,7.685,13.0,1,,,,1
558,THOR ABLESTAR DEB,DEBRIS,,MEDIUM,111.93,65.70,1671,960,1322.51,7.198,5.5,1,,,,0
559,THOR ABLESTAR DEB,DEBRIS,,MEDIUM,97.74,66.60,679,622,657.7,7.531,6.5,1,,,,0
560,THOR ABLESTAR DEB,DEBRIS,,MEDIUM,105.93,67.16,1265,810,1045.05,7.331,5.5,1,,,,0
561,THOR ABLESTAR DEB,DEBRIS,,MEDIUM,115.98,67.76,1996,1004,1506.99,7.113,5.5,1,,,,0
562,FTV 1660,PAYLOAD,,,88.73,75.40,231,193,218.82,7.777,9.0,0,,,,0
563,SL-6 R/B,ROCKET BODY,,,87.99,64.77,183,167,182.13,7.799,9.0,0,,,,0
564,EXPLORER 17 (S-6),PAYLOAD,,,87.86,57.64,186,151,175.68,7.803,9.0,0,,,,0
565,DELTA 1 R/B,ROCKET BODY,,,89.76,57.57,315,210,269.72,7.747,9.0,0,,,,0
567,COSMOS 14,PAYLOAD,,,88.30,48.89,190,190,197.52,7.79,9.0,0,,,,0
568,SL-7 R/B,ROCKET BODY,,,88.69,48.98,221,199,216.84,7.779,9.0,0,,,,0
569,COSMOS 15,PAYLOAD,,,89.64,64.93,348,165,263.8,7.751,9.0,0,,,,0
570,SL-3 R/B,ROCKET BODY,,,88.10,64.92,207,154,187.59,7.796,9.0,0,,,,0
571,COSMOS 16,PAYLOAD,,,90.22,64.98,380,191,292.39,7.734,9.0,0,,,,0
572,SL-3 R/B,ROCKET BODY,,,88.33,65.02,206,178,199.0,7.789,9.0,0,,,,0
576,MERCURY ATLAS 9,PAYLOAD,,,88.79,32.54,266,163,221.79,7.776,9.0,0,,,,0
577,ATLAS D R/B,ROCKET BODY,,,88.35,32.54,222,163,200.0,7.788,9.0,0,,,,0
578,FTV 1110,PAYLOAD,,,89.58,74.54,381,127,260.84,7.753,9.0,0,,,,0
579,ERS 5,PAYLOAD,,MEDIUM,89.33,84.23,266,216,248.5,7.76,9.0,0,,,,0
580,COSMOS 17,PAYLOAD,,,88.39,48.94,213,177,201.98,7.787,9.0,0,,,,0
581,SL-7 DEB,DEBRIS,,,94.09,48.99,699,250,481.61,7.627,13.0,1,,,,1
582,SL-7 DEB,DEBRIS,,,89.65,49.16,269,245,264.3,7.751,13.0,1,,,,1
583,SL-7 DEB,DEBRIS,,,94.33,49.07,715,257,493.25,7.62,13.0,1,,,,1
584,SL-7 DEB,DEBRIS,,,94.39,48.98,726,252,496.17,7.619,13.0,1,,,,1
585,SL-7 DEB,DEBRIS,,,95.62,49.32,775,323,555.69,7.586,13.0,1,,,,1
586,COSMOS 18,PAYLOAD,,,89.33,64.91,279,204,248.5,7.76,9.0,0,,,,0
587,SL-7 R/B,ROCKET BODY,,,88.28,64.95,189,189,196.52,7.791,9.0,0,,,,0
588,SL-7 R/B,ROCKET BODY,,,89.13,49.01,254,209,238.61,7.766,9.0,0,,,,0
590,THOR AGENA D,PAYLOAD,,,88.46,81.82,226,171,205.45,7.785,9.0,0,,,,0
591,VOSTOK 5,PAYLOAD,,,87.72,64.92,164,159,168.72,7.807,9.0,0,,,,0
592,SL-3 R/B,ROCKET BODY,,,87.44,64.85,178,118,154.8,7.815,9.0,0,,,,0
593,THOR AGENA D R/B,ROCKET BODY,,,89.07,69.90,304,153,235.65,7.767,9.0,0,,,,0
594,TRANSIT 5A3,PAYLOAD,,LARGE,87.64,89.78,168,147,164.74,7.809,9.0,0,,,,0
595,VOSTOK 6,PAYLOAD,,,88.04,64.92,192,163,184.62,7.798,9.0,0,,,,0
596,SL-3 R/B,ROCKET BODY,,,88.36,65.08,223,163,200.49,7.788,9.0,0,,,,0
597,SURCAL 1B,PAYLOAD,,,90.32,69.82,420,160,297.32,7.731,9.0,0,,,,0
598,FTV 1292,PAYLOAD,,,88.64,69.88,262,153,214.37,7.78,9.0,0,,,,0
599,SOLRAD 6,PAYLOAD,,,88.73,69.86,275,148,218.82,7.777,9.0,0,,,,0
600,RADOSE 112,PAYLOAD,,,89.23,69.89,324,150,243.56,7.763,9.0,0,,,,0
601,LOFTI 2A,PAYLOAD,,,88.47,69.86,245,153,205.94,7.785,9.0,0,,,,0
603,SCOUT X-3 R/B,ROCKET BODY,,MEDIUM,87.62,89.87,166,147,163.75,7.81,9.0,0,,,,0
604,TIROS 7,PAYLOAD,,LARGE,88.32,58.17,194,188,198.51,7.789,9.0,0,,,,0
605,DELTA 1 R/B,ROCKET BODY,,MEDIUM,88.73,58.14,222,201,218.82,7.777,9.0,0,,,,0
606,DELTA 1 DEB,DEBRIS,,MEDIUM,87.96,58.30,175,171,180.64,7.8,13.0,1,,,,1
607,DELTA 1 DEB,DEBRIS,,MEDIUM,88.43,58.04,200,194,203.96,7.786,13.0,1,,,,1
609,THOR AGENA D,PAYLOAD,,,88.18,81.59,204,165,191.56,7.793,9.0,0,,,,0
610,SCOUT X-3 DEB,DEBRIS,,MEDIUM,89.64,90.00,261,252,263.8,7.751,13.0,1,,,,1
611,SCOUT X-3 DEB,DEBRIS,,,89.84,89.69,276,257,273.67,7.745,13.0,1,,,,1
612,GRS,PAYLOAD,,LARGE,87.44,49.64,151,144,154.8,7.815,9.0,0,,,,0
613,THOR AGENA B,PAYLOAD,,,87.95,82.28,173,173,180.15,7.8,9.0,0,,,,0
614,HITCH HIKER 1,PAYLOAD,,MEDIUM,88.56,81.92,235,171,210.4,7.782,9.0,0,,,,0
615,THOR AGENA B DEB,DEBRIS,,,90.58,82.28,311,295,310.11,7.724,13.0,1,,,,1
616,THOR AGENA B DEB,DEBRIS,,,88.77,82.32,250,177,220.8,7.776,13.0,1,,,,1
617,THOR AGENA D DEB,DEBRIS,,,89.80,69.82,369,160,271.7,7.746,13.0,1,,,,1
618,ATLAS AGENA D,PAYLOAD,,,87.76,95.37,164,164,170.71,7.806,9.0,0,,,,0
619,ATLAS AGENA D DEB,DEBRIS,,,87.89,95.32,217,123,177.17,7.802,13.0,1,,,,1
620,ATLAS AGENA D R/B,ROCKET BODY,,,88.09,95.37,185,176,187.1,7.796,9.0,0,,,,0
621,THOR AGENA D,PAYLOAD,,,88.04,82.86,180,174,184.62,7.798,9.0,0,,,,0
623,THOR AGENA D DEB,DEBRIS,,MEDIUM,88.25,82.85,188,188,195.04,7.791,13.0,1,,,,1
624,DASH 2,PAYLOAD,,,92.54,84.31,529,269,406.14,7.669,9.0,0,,,,0
625,DELTA 1 R/B,ROCKET BODY,,LARGE,87.59,32.51,176,135,162.26,7.811,9.0,0,,,,0
627,THOR AGENA D DEB,DEBRIS,,,90.22,74.91,410,160,292.39,7.734,13.0,1,,,,1
632,COSMOS 19,PAYLOAD,,,88.69,49.00,217,202,216.84,7.779,9.0,0,,,,0
633,SL-7 R/B,ROCKET BODY,,,89.46,48.94,254,241,254.92,7.756,9.0,0,,,,0
637,THOR AGENA D,PAYLOAD,,,88.48,81.88,200,199,206.44,7.785,9.0,0,,,,0
638,0.1 SQ METER TARGET,PAYLOAD,,,88.89,81.85,226,213,226.74,7.773,9.0,0,,,,0
639,THOR AGENA D DEB,DEBRIS,,,90.71,81.90,323,296,316.5,7.72,13.0,1,,,,1
640,THOR AGENA D DEB,DEBRIS,,,90.25,81.89,296,278,293.87,7.733,13.0,1,,,,1
641,ATLAS AGENA D,PAYLOAD,,,89.02,94.37,278,174,233.18,7.769,9.0,0,,,,0
642,THOR AGENA D DEB,DEBRIS,,,88.79,74.99,281,149,221.79,7.776,13.0,1,,,,1
643,THOR ABLESTAR DEB,DEBRIS,,MEDIUM,107.72,66.37,1360,882,1128.36,7.29,5.5,1,,,,0
644,THOR ABLESTAR DEB,DEBRIS,,MEDIUM,105.78,67.10,1130,931,1038.05,7.335,5.5,1,,,,0
645,THOR ABLESTAR DEB,DEBRIS,,MEDIUM,110.35,66.59,1553,933,1249.94,7.232,5.5,1,,,,0
646,THOR ABLESTAR DEB,DEBRIS,,,89.81,67.08,276,254,272.19,7.746,13.0,1,,,,1
647,THOR ABLESTAR DEB,DEBRIS,,MEDIUM,88.47,66.62,207,190,205.94,7.785,13.0,1,,,,1
648,THOR ABLESTAR DEB,DEBRIS,,MEDIUM,105.91,65.87,1189,886,1044.12,7.332,5.5,1,,,,0
649,THOR ABLESTAR DEB,DEBRIS,,MEDIUM,113.81,66.26,1831,971,1408.42,7.158,5.5,1,,,,0
650,THOR ABLESTAR DEB,DEBRIS,,MEDIUM,88.40,66.77,203,188,202.48,7.787,13.0,1,,,,1
651,THOR ABLESTAR DEB,DEBRIS,,MEDIUM,89.58,66.81,261,246,260.84,7.753,13.0,1,,,,1
652,THOR ABLESTAR DEB,DEBRIS,,SMALL,101.51,66.70,881,779,837.3,7.436,5.5,1,,,,0
653,THOR ABLESTAR DEB,DEBRIS,,MEDIUM,105.08,67.45,1114,882,1005.33,7.351,5.5,1,,,,0
654,THOR ABLESTAR DEB,DEBRIS,,,92.17,67.26,421,341,388.06,7.679,13.0,1,,,,1
655,THOR ABLESTAR DEB,DEBRIS,,MEDIUM,109.96,67.26,1505,945,1231.97,7.241,5.5,1,,,,0
656,THOR ABLESTAR DEB,DEBRIS,,MEDIUM,113.12,66.29,1874,866,1376.94,7.173,5.5,1,,,,0
657,THOR ABLESTAR DEB,DEBRIS,,MEDIUM,109.77,66.25,1472,960,1223.21,7.245,5.5,1,,,,0
658,THOR ABLESTAR DEB,DEBRIS,,MEDIUM,107.32,65.86,1371,834,1109.79,7.3,5.5,1,,,,0
659,THOR ABLESTAR DEB,DEBRIS,,MEDIUM,113.67,67.16,1854,935,1402.04,7.161,5.5,1,,,,0
660,THOR ABLESTAR DEB,DEBRIS,,MEDIUM,94.81,66.49,521,498,516.52,7.607,10.0,1,,,,1
661,THOR ABLESTAR DEB,DEBRIS,,MEDIUM,90.06,66.88,285,269,284.51,7.739,13.0,1,,,,1
662,THOR ABLESTAR DEB,DEBRIS,,MEDIUM,90.51,66.68,308,292,306.66,7.726,13.0,1,,,,1
663,ATLAS AGENA D DEB,DEBRIS,,,87.39,94.30,156,135,152.31,7.817,13.0,1,,,,1
664,ATLAS AGENA D DEB,DEBRIS,,,88.03,94.34,193,160,184.12,7.798,13.0,1,,,,1
667,ATLAS AGENA D DEB,DEBRIS,,,88.47,94.37,227,171,205.94,7.785,13.0,1,,,,1
668,THOR AGENA D,PAYLOAD,,,87.60,74.93,170,142,162.76,7.811,9.0,0,,,,0
669,THOR ABLESTAR R/B,ROCKET BODY,,LARGE,106.97,89.97,1107,1066,1093.51,7.307,1.5,0,,,,0
670,TRANSIT 5B-1,PAYLOAD,,LARGE,107.09,89.96,1124,1059,1099.1,7.305,1.5,0,,,,0
671,RADIATION SAT (5E 1),PAYLOAD,,MEDIUM,107.05,89.96,1121,1059,1097.23,7.306,1.5,0,,,,0
672,THOR ABLESTAR DEB,DEBRIS,,MEDIUM,105.19,89.98,1024,983,1010.47,7.348,5.5,1,,,,0
673,COSMOS 20,PAYLOAD,,,89.50,64.89,297,202,256.89,7.755,9.0,0,,,,0
676,SL-3 R/B,ROCKET BODY,,,88.64,64.87,231,184,214.37,7.78,9.0,0,,,,0
677,ATLAS AGENA D,PAYLOAD,,,88.61,99.08,292,120,212.88,7.781,9.0,0,,,,0
678,ATLAS AGENA D R/B,ROCKET BODY,,,88.43,99.08,277,117,203.96,7.786,9.0,0,,,,0
679,ATLAS AGENA D DEB,DEBRIS,,,88.17,99.08,252,117,191.07,7.794,13.0,1,,,,1
680,ATLAS AGENA D DEB,DEBRIS,,,88.35,99.08,270,117,200.0,7.788,13.0,1,,,,1
681,THOR AGENA D,PAYLOAD,,,88.37,89.87,196,191,200.99,7.788,9.0,0,,,,0
682,HITCH HIKER 2,PAYLOAD,,,87.91,89.94,178,164,178.16,7.801,9.0,0,,,,0
683,POLYOT 1,PAYLOAD,,LARGE,88.35,58.82,206,180,200.0,7.788,9.0,0,,,,0
684,SL-5 DEB,DEBRIS,,,89.67,58.58,274,242,265.28,7.75,13.0,1,,,,1
685,SL-5 R/B,ROCKET BODY,,,90.41,58.96,337,253,301.74,7.729,9.0,0,,,,0
686,SL-5 DEB,DEBRIS,,,90.53,59.79,347,255,307.65,7.725,13.0,1,,,,1
687,COSMOS 21,PAYLOAD,,,88.50,64.78,220,181,207.43,7.784,9.0,0,,,,0
688,SL-6 R/B,ROCKET BODY,,,88.36,65.08,205,182,200.49,7.788,9.0,0,,,,0
689,COSMOS 22,PAYLOAD,,,90.28,64.90,382,195,295.35,7.733,9.0,0,,,,0
690,SL-3 R/B,ROCKET BODY,,,88.39,64.83,223,167,201.98,7.787,9.0,0,,,,0
691,THOR AGENA D DEB,DEBRIS,,,90.35,89.91,311,272,298.79,7.731,13.0,1,,,,1
694,ATLAS CENTAUR 2 R/B,ROCKET BODY,,LARGE,101.95,30.35,1246,456,858.11,7.426,6.0,0,,,,0
695,THOR AGENA D,PAYLOAD,,,88.50,70.04,245,156,207.43,7.784,9.0,0,,,,0
696,ATLAS CENTAUR 2 DEB,DEBRIS,,LARGE,89.42,30.02,263,229,252.94,7.757,13.0,1,,,,1
697,ATLAS CENTAUR 2 DEB,DEBRIS,,MEDIUM,91.47,30.00,378,316,353.8,7.699,13.0,1,,,,1
698,ATLAS CENTAUR 2 DEB,DEBRIS,,MEDIUM,104.78,29.92,1373,595,991.28,7.358,8.0,1,,,,0
699,ATLAS CENTAUR 2 DEB,DEBRIS,,MEDIUM,89.94,30.41,285,258,278.6,7.742,13.0,1,,,,1
700,ATLAS CENTAUR 2 DEB,DEBRIS,,MEDIUM,107.45,30.48,1645,572,1115.83,7.297,8.0,1,,,,0
701,ATLAS CENTAUR 2 DEB,DEBRIS,,MEDIUM,104.10,30.01,1322,583,959.39,7.374,8.0,1,,,,0
703,THOR ABLESTAR R/B,ROCKET BODY,,LARGE,106.67,89.93,1083,1061,1079.55,7.314,1.5,0,,,,0
704,TRANSIT 5B-2,PAYLOAD,,LARGE,106.89,89.92,1109,1057,1089.79,7.309,1.5,0,,,,0
705,TRANSIT 5E 3,PAYLOAD,,MEDIUM,106.85,89.93,1105,1057,1087.93,7.31,1.5,0,,,,0
706,THOR ABLESTAR DEB,DEBRIS,,MEDIUM,106.15,89.92,1069,1027,1055.32,7.326,5.5,1,,,,0
707,COSMOS 23,PAYLOAD,,,89.12,48.94,259,203,238.12,7.766,9.0,0,,,,0
708,SL-7 R/B,ROCKET BODY,,,90.55,49.08,392,211,308.63,7.725,9.0,0,,,,0
710,SL-7 DEB,DEBRIS,,,91.39,48.96,455,231,349.88,7.701,13.0,1,,,,1
711,ATLAS AGENA D,PAYLOAD,,,88.47,97.90,272,126,205.94,7.785,9.0,0,,,,0
712,COSMOS 24,PAYLOAD,,,90.45,65.03,394,199,303.71,7.728,9.0,0,,,,0
713,SL-3 R/B,ROCKET BODY,,,88.73,65.01,246,178,218.82,7.777,9.0,0,,,,0
714,EXPLORER 19 (ADI-1),PAYLOAD,,LARGE,90.11,78.67,301,259,286.98,7.737,9.0,0,,,,0
715,THOR ABLESTAR DEB,DEBRIS,,MEDIUM,104.68,89.91,999,960,986.6,7.36,5.5,1,,,,0
716,TIROS 8,PAYLOAD,,MEDIUM,97.75,58.49,662,640,658.18,7.53,2.5,0,,,,0
717,DELTA 1 R/B,ROCKET BODY,,MEDIUM,88.08,58.45,184,175,186.6,7.796,9.0,0,,,,0
718,THOR AGENA D,PAYLOAD,,,88.64,64.78,257,158,214.37,7.78,9.0,0,,,,0
719,HITCH HIKER 3,PAYLOAD,,,88.68,64.53,215,204,216.35,7.779,9.0,0,,,,0
720,DELTA 1 DEB,DEBRIS,,MEDIUM,99.27,58.47,802,645,730.86,7.492,6.5,1,,,,0
721,SCOUT X-4 R/B,ROCKET BODY,,MEDIUM,114.73,78.60,2295,592,1450.29,7.139,4.0,0,,,,0
722,SCOUT X-4 DEB,DEBRIS,,MEDIUM,91.07,78.37,359,294,334.18,7.71,13.0,1,,,,1
724,SCOUT X-4 DEB,DEBRIS,,MEDIUM,90.01,78.52,292,258,282.05,7.74,13.0,1,,,,1
726,SCOUT X-4 DEB,DEBRIS,,MEDIUM,88.55,78.46,213,193,209.91,7.783,13.0,1,,,,1
727,THOR AGENA D R/B,ROCKET BODY,,LARGE,103.17,69.91,917,900,915.67,7.396,1.5,0,,,,0
728,GGSE 1 (GGRS),PAYLOAD,,MEDIUM,103.02,69.91,911,892,908.61,7.4,1.5,0,,,,0
729,SECOR 1B,PAYLOAD,,MEDIUM,103.21,69.90,919,902,917.55,7.395,1.5,0,,,,0
730,SOLRAD 7A,PAYLOAD,,MEDIUM,103.15,69.91,916,899,914.73,7.397,1.5,0,,,,0
731,GREB,PAYLOAD,,MEDIUM,103.13,69.91,915,898,913.79,7.397,1.5,0,,,,0
732,SCOUT X-4 DEB,DEBRIS,,MEDIUM,102.27,78.55,1155,577,873.23,7.418,8.0,1,,,,0
733,THOR AGENA D R/B,ROCKET BODY,,LARGE,100.41,99.12,802,755,785.13,7.463,1.5,0,,,,0
734,OPS 3367 A,PAYLOAD,,MEDIUM,100.72,98.98,802,783,799.85,7.456,1.5,0,,,,0
735,OPS 3367 B,PAYLOAD,,MEDIUM,100.80,98.98,808,785,803.65,7.454,1.5,0,,,,0
736,DELTA 1 DEB,DEBRIS,,MEDIUM,88.20,58.46,191,180,192.56,7.793,13.0,1,,,,1
739,ATLAS CENTAUR 2 DEB,DEBRIS,,MEDIUM,103.95,30.43,1411,480,952.35,7.378,10.0,1,,,,1
740,ECHO 2 (A-12),PAYLOAD,,,94.48,81.40,522,465,500.53,7.616,6.0,0,,,,0
741,THOR AGENA B R/B,ROCKET BODY,,LARGE,108.78,81.49,1299,1041,1177.48,7.267,1.5,0,,,,0
742,ECHO 2 DEB (METAL OBJ),DEBRIS,,LARGE,108.57,81.47,1290,1032,1167.76,7.271,5.5,1,,,,0
743,ECHO 2 DEB (METAL OBJ),DEBRIS,,LARGE,108.53,81.52,1290,1027,1165.91,7.272,5.5,1,,,,0
744,SATURN 1 (R/B),ROCKET BODY,,,88.08,31.42,184,174,186.6,7.796,9.0,0,,,,0
745,THOR ABLESTAR DEB,DEBRIS,,MEDIUM,106.23,89.98,1064,1039,1059.05,7.324,5.5,1,,,,0
748,ELEKTRON 2,PAYLOAD,,LARGE,100.49,56.70,1490,74,788.93,7.461,9.0,0,,,,0
749,THOR AGENA B DEB,DEBRIS,,,89.29,81.51,259,220,246.52,7.761,13.0,1,,,,1
750,ELEKTRON 1 DEB,DEBRIS,,MEDIUM,115.11,60.75,2548,373,1467.55,7.131,13.0,1,,,,1
752,OPS 3444,PAYLOAD,,,89.15,75.01,303,162,239.6,7.765,9.0,0,,,,0
753,THOR ABLESTAR DEB,DEBRIS,,MEDIUM,106.28,89.92,1072,1036,1061.38,7.323,5.5,1,,,,0
754,OPS 2423,PAYLOAD,,,87.96,95.60,188,160,180.64,7.8,9.0,0,,,,0
757,COSMOS 25,PAYLOAD,,,88.65,49.03,216,200,214.86,7.78,9.0,0,,,,0
758,SL-7 R/B,ROCKET BODY,,,88.90,49.08,242,198,227.24,7.772,9.0,0,,,,0
759,OPS 3722,PAYLOAD,,,88.02,82.08,180,173,183.62,7.798,9.0,0,,,,0
760,OPS 3722 DEB,DEBRIS,,,90.00,82.02,281,268,281.56,7.741,13.0,1,,,,1
761,OPS 3722 DEB,DEBRIS,,,89.01,82.05,236,215,232.68,7.769,13.0,1,,,,1
762,SL-7 DEB,DEBRIS,,,91.12,49.05,394,265,336.63,7.709,13.0,1,,,,1
763,SL-7 DEB,DEBRIS,,,89.99,49.35,292,256,281.06,7.741,13.0,1,,,,1
764,OPS 3435,PAYLOAD,,,88.61,95.70,241,170,212.88,7.781,9.0,0,,,,0
766,COSMOS 26,PAYLOAD,,,87.72,48.96,180,143,168.72,7.807,9.0,0,,,,0
767,SL-7 R/B,ROCKET BODY,,,88.96,48.99,238,209,230.21,7.771,9.0,0,,,,0
768,SL-7 DEB,DEBRIS,,,90.65,48.90,365,247,313.55,7.722,13.0,1,,,,1
769,SL-7 DEB,DEBRIS,,,90.46,48.95,334,259,304.2,7.727,13.0,1,,,,1
770,SL-6 R/B,ROCKET BODY,,,88.28,64.75,221,158,196.52,7.791,9.0,0,,,,0
771,ARIEL 2 (UK-2),PAYLOAD,,,89.22,51.59,275,196,243.06,7.763,9.0,0,,,,0
772,COSMOS 27,PAYLOAD,,,88.56,64.80,209,198,210.4,7.782,9.0,0,,,,0
773,SL-6 DEB,DEBRIS,,,88.65,64.88,226,189,214.86,7.78,13.0,1,,,,1
774,SL-6 DEB,DEBRIS,,,88.70,64.81,232,188,217.34,7.778,13.0,1,,,,1
775,SCOUT X-3 R/B,ROCKET BODY,,,89.87,51.57,317,220,275.15,7.744,9.0,0,,,,0
776,SL-6 PLAT,DEBRIS,,,88.61,64.99,234,177,212.88,7.781,13.0,1,,,,1
778,SL-6 DEB,DEBRIS,,,88.73,64.85,233,191,218.82,7.777,13.0,1,,,,1
779,COSMOS 28,PAYLOAD,,,90.35,65.02,378,205,298.79,7.731,9.0,0,,,,0
780,SL-3 R/B,ROCKET BODY,,,88.80,65.03,241,189,222.29,7.775,9.0,0,,,,0
781,SL-3 DEB,DEBRIS,,,89.76,65.09,320,205,269.72,7.747,13.0,1,,,,1
782,GEMINI 1,PAYLOAD,,,87.60,32.54,174,138,162.76,7.811,9.0,0,,,,0
783,SL-5 R/B,ROCKET BODY,,,90.49,59.94,372,226,305.68,7.727,9.0,0,,,,0
784,POLYOT 2,PAYLOAD,,,87.89,58.02,170,170,177.17,7.802,9.0,0,,,,0
786,OPS 3743,PAYLOAD,,,89.43,103.77,363,130,253.44,7.757,9.0,0,,,,0
787,OPS 3743 DEB,DEBRIS,,,89.49,103.73,340,159,256.4,7.755,13.0,1,,,,1
788,OPS 3743 DEB,DEBRIS,,,89.10,103.61,302,157,237.13,7.767,13.0,1,,,,1
789,OPS 3743 DEB,DEBRIS,,,88.99,103.55,285,164,231.69,7.77,13.0,1,,,,1
790,OPS 3743 DEB,DEBRIS,,,88.63,103.41,294,119,213.87,7.78,13.0,1,,,,1
791,COSMOS 29,PAYLOAD,,,89.48,65.01,295,202,255.91,7.756,9.0,0,,,,0
792,SL-3 R/B,ROCKET BODY,,,88.24,65.03,194,181,194.54,7.792,9.0,0,,,,0
793,SL-3 DEB,DEBRIS,,,88.71,65.06,221,200,217.83,7.778,13.0,1,,,,1
794,SL-3 DEB,DEBRIS,,,89.38,64.98,283,205,250.97,7.758,13.0,1,,,,1
795,SL-3 DEB,DEBRIS,,,88.60,65.05,242,168,212.39,7.781,13.0,1,,,,1
796,OPS 2921,PAYLOAD,,,88.44,79.87,232,162,204.46,7.786,9.0,0,,,,0
797,COSMOS 30,PAYLOAD,,,90.20,64.88,365,203,291.41,7.735,9.0,0,,,,0
798,SL-3 R/B,ROCKET BODY,,,88.16,64.83,192,176,190.57,7.794,9.0,0,,,,0
799,OPS 3592,PAYLOAD,,,88.57,101.11,244,163,210.9,7.782,9.0,0,,,,0
800,APOLLO MODEL 1,PAYLOAD,,,88.14,31.77,189,176,189.58,7.795,9.0,0,,,,0
801,OPS 4412 (TRANSIT 9),PAYLOAD,,LARGE,101.62,90.45,871,799,842.5,7.434,1.5,0,,,,0
802,OPS 3483,PAYLOAD,,,88.42,79.92,259,133,203.47,7.786,9.0,0,,,,0
803,COSMOS 31,PAYLOAD,,,88.38,48.95,214,175,201.48,7.788,9.0,0,,,,0
804,SL-7 R/B,ROCKET BODY,,,88.00,48.95,194,158,182.63,7.799,9.0,0,,,,0
805,SCOUT X-4 DEB,DEBRIS,,MEDIUM,100.28,89.85,791,752,778.95,7.467,5.5,1,,,,0
806,SCOUT X-4 DEB,DEBRIS,,MEDIUM,88.60,90.75,221,190,212.39,7.781,13.0,1,,,,1
807,COSMOS 32,PAYLOAD,,,89.77,51.24,323,203,270.22,7.747,9.0,0,,,,0
808,SL-3 R/B,ROCKET BODY,,,88.08,51.23,179,179,186.6,7.796,9.0,0,,,,0
809,SCOUT X-4 R/B,ROCKET BODY,,MEDIUM,102.07,90.44,887,826,863.78,7.423,1.5,0,,,,0
810,SL-3 DEB,DEBRIS,,,89.04,51.22,258,196,234.16,7.768,13.0,1,,,,1
811,OPS 3236 (STARFLASH 1A),PAYLOAD,,,88.12,114.97,187,176,188.59,7.795,9.0,0,,,,0
812,OPS 4467 A,PAYLOAD,,MEDIUM,101.08,99.82,814,805,816.93,7.447,1.5,0,,,,0
813,OPS 4467 B,PAYLOAD,,MEDIUM,101.14,99.83,816,809,819.77,7.445,1.5,0,,,,0
814,OPS 3754,PAYLOAD,,,88.30,84.99,226,155,197.52,7.79,9.0,0,,,,0
815,THOR AGENA D R/B,ROCKET BODY,,LARGE,100.80,99.82,805,789,803.65,7.454,1.5,0,,,,0
816,COSMOS 33,PAYLOAD,,,89.27,65.03,268,209,245.53,7.762,9.0,0,,,,0
817,SL-3 R/B,ROCKET BODY,,,87.49,64.93,150,150,157.29,7.814,9.0,0,,,,0
818,SL-3 DEB,DEBRIS,,,88.98,65.10,263,185,231.2,7.77,13.0,1,,,,1
819,SL-3 DEB,DEBRIS,,,88.76,64.97,240,187,220.31,7.776,13.0,1,,,,1
820,OPS 3236 DEB,DEBRIS,,,89.06,114.95,246,211,235.15,7.768,13.0,1,,,,1
821,OPS 3754 DEB,DEBRIS,,,89.10,85.11,325,135,237.13,7.767,13.0,1,,,,1
822,COSMOS 34,PAYLOAD,,,89.95,64.91,343,201,279.09,7.742,9.0,0,,,,0
823,SL-3 R/B,ROCKET BODY,,,87.86,64.91,175,162,175.68,7.803,9.0,0,,,,0
824,OPS 3395,PAYLOAD,,,88.04,82.02,182,174,184.62,7.798,9.0,0,,,,0
826,OPS 4923,PAYLOAD,,,88.42,92.93,207,186,203.47,7.786,9.0,0,,,,0
827,OPS 4923 DEB,DEBRIS,,,90.24,92.97,311,262,293.38,7.734,13.0,1,,,,1
828,OPS 3491,PAYLOAD,,,88.86,84.98,272,164,225.26,7.774,9.0,0,,,,0
831,ELEKTRON 3 DEB,DEBRIS,,MEDIUM,112.35,60.66,2295,374,1341.74,7.189,13.0,1,,,,1
833,COSMOS 35,PAYLOAD,,,89.26,51.26,263,212,245.04,7.762,9.0,0,,,,0
834,SL-3 R/B,ROCKET BODY,,,88.01,51.27,193,159,183.13,7.799,9.0,0,,,,0
835,SL-3 DEB,DEBRIS,,,88.30,51.25,203,178,197.52,7.79,13.0,1,,,,1
839,SL-3 DEB,DEBRIS,,,89.89,50.95,363,175,276.13,7.744,13.0,1,,,,1
840,THOR ABLESTAR DEB,DEBRIS,,MEDIUM,88.59,66.60,210,199,211.89,7.781,13.0,1,,,,1
841,THOR ABLESTAR DEB,DEBRIS,,MEDIUM,88.23,66.62,195,179,194.04,7.792,13.0,1,,,,1
844,COSMOS 36,PAYLOAD,,,88.45,48.97,207,188,204.95,7.786,9.0,0,,,,0
845,SL-7 R/B,ROCKET BODY,,,88.63,48.98,234,179,213.87,7.78,9.0,0,,,,0
846,OPS 3042,PAYLOAD,,,88.69,79.99,258,161,216.84,7.779,9.0,0,,,,0
847,SCOUT X-3 DEB,DEBRIS,,,90.34,51.29,351,232,298.3,7.731,13.0,1,,,,1
848,COSMOS 37,PAYLOAD,,,89.39,64.96,286,203,251.46,7.758,9.0,0,,,,0
849,SL-3 R/B,ROCKET BODY,,,88.38,65.02,194,194,201.48,7.788,9.0,0,,,,0
850,OPS 3802,PAYLOAD,,,88.05,95.52,215,140,185.11,7.797,9.0,0,,,,0
851,OPS 3316,PAYLOAD,,MEDIUM,87.95,95.38,199,147,180.15,7.8,9.0,0,,,,0
852,ATLAS AGENA D R/B,ROCKET BODY,,,88.37,95.50,245,142,200.99,7.788,9.0,0,,,,0
853,COSMOS 38,PAYLOAD,,,88.95,56.10,270,175,229.71,7.771,9.0,0,,,,0
854,COSMOS 39,PAYLOAD,,,88.71,56.11,251,170,217.83,7.778,9.0,0,,,,0
855,COSMOS 40,PAYLOAD,,,88.62,56.10,243,169,213.38,7.781,9.0,0,,,,0
856,SL-8 R/B,ROCKET BODY,,,89.10,56.11,288,171,237.13,7.767,9.0,0,,,,0
857,SL-8 DEB,DEBRIS,,,93.94,56.14,724,210,474.32,7.631,13.0,1,,,,1
859,SL-8 DEB,DEBRIS,,,93.07,56.25,664,186,431.99,7.655,13.0,1,,,,1
860,SL-8 DEB,DEBRIS,,,94.48,56.02,742,245,500.53,7.616,13.0,1,,,,1
861,OPS 2739 (STARFLASH 1B),PAYLOAD,,,88.45,114.96,200,196,204.95,7.786,9.0,0,,,,0
863,SL-6 R/B(1),ROCKET BODY,,,88.58,64.76,236,173,211.4,7.782,9.0,0,,,,0
864,COSMOS 42,PAYLOAD,,,88.47,48.93,227,171,205.94,7.785,9.0,0,,,,0
865,SL-6 DEB,DEBRIS,,,89.10,64.75,282,178,237.13,7.767,13.0,1,,,,1
866,SL-7 R/B,ROCKET BODY,,,89.72,48.90,332,189,267.75,7.749,9.0,0,,,,0
867,COSMOS 43,PAYLOAD,,,88.40,48.90,222,168,202.48,7.787,9.0,0,,,,0
868,SL-6 DEB,DEBRIS,,,91.41,64.82,530,158,350.86,7.701,13.0,1,,,,1
869,SL-6 R/B(2),ROCKET BODY,,LARGE,90.43,63.92,496,95,302.73,7.728,9.0,0,,,,0
870,EXPLORER 20,PAYLOAD,,MEDIUM,103.46,79.90,993,852,929.32,7.389,1.5,0,,,,0
871,SCOUT X-4 R/B,ROCKET BODY,,MEDIUM,102.81,79.89,954,829,898.71,7.405,1.5,0,,,,0
872,NIMBUS 1,PAYLOAD,,,88.15,98.67,187,179,190.08,7.794,9.0,0,,,,0
873,SCOUT X-4 DEB,DEBRIS,,,95.52,79.68,574,513,550.86,7.589,8.0,1,,,,0
874,SCOUT X-4 DEB,DEBRIS,,,92.64,79.72,455,353,411.02,7.666,13.0,1,,,,1
875,SCOUT X-4 DEB,DEBRIS,,,92.21,79.73,406,360,390.02,7.678,13.0,1,,,,1
876,COSMOS 44,PAYLOAD,,LARGE,98.24,65.06,782,568,681.65,7.518,4.0,0,,,,0
877,SL-3 R/B,ROCKET BODY,,LARGE,98.53,65.08,746,631,695.52,7.51,2.5,0,,,,0
878,THOR AGENA B R/B,ROCKET BODY,,,88.03,98.68,184,171,184.12,7.798,9.0,0,,,,0
880,COSMOS 45,PAYLOAD,,,89.68,64.91,317,200,265.78,7.75,9.0,0,,,,0
881,SL-3 R/B,ROCKET BODY,,,88.68,64.89,232,186,216.35,7.779,9.0,0,,,,0
882,OPS 3497,PAYLOAD,,,88.77,84.97,272,155,220.8,7.776,9.0,0,,,,0
883,APOLLO MODEL 2,PAYLOAD,,,88.33,31.73,207,177,199.0,7.789,9.0,0,,,,0
884,OPS 4262,PAYLOAD,,,88.04,92.91,233,121,184.62,7.798,9.0,0,,,,0
885,COSMOS 46,PAYLOAD,,,89.22,51.25,261,211,243.06,7.763,9.0,0,,,,0
886,SL-3 R/B,ROCKET BODY,,,88.62,51.26,218,194,213.38,7.781,9.0,0,,,,0
890,OPS 3333,PAYLOAD,,,88.97,79.96,287,161,230.7,7.77,9.0,0,,,,0
892,SL-4 R/B,ROCKET BODY,,,88.72,64.70,266,156,218.33,7.778,9.0,0,,,,0
893,THOR ABLESTAR R/B,ROCKET BODY,,LARGE,106.17,90.23,1067,1032,1056.25,7.326,1.5,0,,,,0
895,SL-4 DEB,DEBRIS,,,90.00,64.77,368,180,281.56,7.741,13.0,1,,,,1
897,OPS 5798 (TRANSIT 5B-4),PAYLOAD,,MEDIUM,106.37,90.24,1072,1045,1065.57,7.321,1.5,0,,,,0
898,COSMOS 41,PAYLOAD,,LARGE,90.88,63.99,549,87,324.85,7.716,9.0,0,,,,0
899,EXPLORER 22,PAYLOAD,,MEDIUM,104.12,79.69,1040,866,960.33,7.374,1.5,0,,,,0
900,CALSPHERE 1,PAYLOAD,,MEDIUM,104.61,90.22,995,957,983.32,7.362,1.5,0,,,,0
901,OPS 5798 DEB,DEBRIS,,MEDIUM,106.26,90.24,1068,1039,1060.45,7.324,5.5,1,,,,0
902,CALSPHERE 2,PAYLOAD,,MEDIUM,106.44,90.24,1074,1049,1068.84,7.32,1.5,0,,,,0
903,OPS 5798 DEB,DEBRIS,,SMALL,104.29,90.23,978,945,968.31,7.37,5.5,1,,,,0
904,VOSKHOD 1,PAYLOAD,,,89.65,64.72,336,178,264.3,7.751,9.0,0,,,,0
905,SL-4 R/B,ROCKET BODY,,,89.36,64.76,319,167,249.98,7.759,9.0,0,,,,0
907,SCOUT X-4 R/B,ROCKET BODY,,MEDIUM,104.28,79.69,1049,872,967.84,7.37,1.5,0,,,,0
908,COSMOS 48,PAYLOAD,,,89.37,65.09,283,203,250.47,7.759,9.0,0,,,,0
909,SL-3 R/B,ROCKET BODY,,,88.97,65.01,239,208,230.7,7.77,9.0,0,,,,0
911,OPS 3559,PAYLOAD,,,89.07,74.99,289,168,235.65,7.767,9.0,0,,,,0
912,OPS 4384,PAYLOAD,,,89.05,95.50,307,148,234.66,7.768,9.0,0,,,,0
913,COSMOS 49,PAYLOAD,,,88.48,48.98,212,186,206.44,7.785,9.0,0,,,,0
914,OPS 5063,PAYLOAD,,,88.19,95.43,185,185,192.06,7.793,9.0,0,,,,0
915,SL-7 R/B,ROCKET BODY,,,88.82,48.91,237,196,223.28,7.775,9.0,0,,,,0
917,SL-7 DEB,DEBRIS,,,90.73,48.91,363,258,317.48,7.72,13.0,1,,,,1
919,COSMOS 50,PAYLOAD,,,88.71,51.23,233,188,217.83,7.778,9.0,0,,,,0
920,SL-3 R/B,ROCKET BODY,,,88.49,51.24,219,181,206.94,7.784,9.0,0,,,,0
921,OPS 5434,PAYLOAD,,,88.82,79.95,267,164,223.28,7.775,9.0,0,,,,0
922,OPS 3062,PAYLOAD,,,87.94,82.02,173,173,179.65,7.801,9.0,0,,,,0
924,EXPLORER 23,PAYLOAD,,LARGE,87.91,51.91,177,165,178.16,7.801,9.0,0,,,,0
925,OPS 3062 DEB,DEBRIS,,,89.88,81.94,281,256,275.64,7.744,13.0,1,,,,1
926,OPS 3062 DEB,DEBRIS,,,88.66,82.09,208,208,215.36,7.779,13.0,1,,,,1
927,OPS 3062 DEB,DEBRIS,,,90.01,81.97,275,275,282.05,7.74,13.0,1,,,,1
930,OPS 3360 (ORBIS),PAYLOAD,,,88.93,70.03,276,167,228.72,7.772,9.0,0,,,,0
931,EXPLORER 24 (ADI-2),PAYLOAD,,,92.22,81.27,403,363,390.51,7.678,9.0,0,,,,0
932,EXPLORER 25 (INJUN-4),PAYLOAD,,MEDIUM,113.63,81.34,2262,525,1400.21,7.162,4.0,0,,,,0
933,SCOUT X-4 R/B,ROCKET BODY,,MEDIUM,112.28,81.33,2141,522,1338.54,7.19,4.0,0,,,,0
934,SCOUT X-4 DEB,DEBRIS,,MEDIUM,90.72,81.19,333,287,316.99,7.72,13.0,1,,,,1
935,SCOUT X-4 DEB,DEBRIS,,MEDIUM,89.52,81.28,268,233,257.88,7.754,13.0,1,,,,1
936,SCOUT X-4 DEB,DEBRIS,,,92.59,81.09,462,341,408.58,7.668,13.0,1,,,,1
937,SCOUT X-4 DEB,DEBRIS,,MEDIUM,90.31,81.24,313,267,296.82,7.732,13.0,1,,,,1
939,SCOUT X-4 DEB,DEBRIS,,,91.85,81.20,397,333,372.41,7.688,13.0,1,,,,1
940,SCOUT X-4 DEB,DEBRIS,,MEDIUM,91.16,81.26,348,315,338.6,7.708,13.0,1,,,,1
941,SCOUT X-4 DEB,DEBRIS,,MEDIUM,110.89,81.36,2020,516,1274.78,7.22,8.0,1,,,,0
943,SL-6 R/B,ROCKET BODY,,,88.29,64.76,236,144,197.02,7.79,9.0,0,,,,0
944,SL-6 PLAT,DEBRIS,,,88.38,64.71,211,178,201.48,7.788,13.0,1,,,,1
947,COSMOS 51,PAYLOAD,,,88.05,48.74,178,178,185.11,7.797,9.0,0,,,,0
948,SL-7 R/B,ROCKET BODY,,,88.56,48.76,210,197,210.4,7.782,9.0,0,,,,0
949,TITAN 3A TRANSTAGE R/B,ROCKET BODY,,,88.00,32.15,183,169,182.63,7.799,9.0,0,,,,0
950,SL-7 DEB,DEBRIS,,,90.97,48.75,397,247,329.27,7.713,13.0,1,,,,1
952,SL-7 DEB,DEBRIS,,,90.71,48.75,384,234,316.5,7.72,13.0,1,,,,1
953,THOR ABLESTAR R/B,ROCKET BODY,,LARGE,105.97,90.03,1065,1015,1046.92,7.33,1.5,0,,,,0
954,SL-7 DEB,DEBRIS,,,90.88,48.76,388,247,324.85,7.716,13.0,1,,,,1
955,SL-7 DEB,DEBRIS,,,91.11,48.75,407,251,336.14,7.709,13.0,1,,,,1
956,THOR ABLESTAR DEB,DEBRIS,,MEDIUM,105.30,89.93,1027,990,1015.62,7.346,5.5,1,,,,0
957,SAN MARCO 1,PAYLOAD,,,87.85,37.75,185,151,175.18,7.803,9.0,0,,,,0
958,SCOUT X-4 R/B,ROCKET BODY,,,90.29,37.76,390,187,295.84,7.732,9.0,0,,,,0
959,OPS 6582 (TRANSIT 5E-5),PAYLOAD,,MEDIUM,105.69,90.01,1057,996,1033.85,7.337,1.5,0,,,,0
960,SCOUT X-4 DEB,DEBRIS,,MEDIUM,90.93,81.23,346,294,327.31,7.714,13.0,1,,,,1
961,OPS 3358,PAYLOAD,,,88.17,74.94,210,158,191.07,7.794,9.0,0,,,,0
962,SCOUT X-4 DEB,DEBRIS,,,92.53,37.33,583,214,405.65,7.669,13.0,1,,,,1
963,EXPLORER 26 (EPE-D),PAYLOAD,,MEDIUM,89.08,19.69,268,189,236.14,7.767,9.0,0,,,,0
964,OPS 3762,PAYLOAD,,,88.15,70.06,195,171,190.08,7.794,9.0,0,,,,0
965,OPS 6582 (TRANSIT 5B-5),PAYLOAD,,LARGE,106.12,90.08,1076,1017,1053.92,7.327,1.5,0,,,,0
967,THOR ABLESTAR DEB,DEBRIS,,MEDIUM,105.31,89.95,1026,991,1016.09,7.346,5.5,1,,,,0
968,COSMOS 52,PAYLOAD,,,89.41,64.99,288,203,252.45,7.758,9.0,0,,,,0
969,SL-3 R/B,ROCKET BODY,,,87.73,64.99,162,162,169.22,7.807,9.0,0,,,,0
970,SL-3 DEB,DEBRIS,,,89.28,64.95,298,180,246.03,7.761,13.0,1,,,,1
971,SL-3 DEB,DEBRIS,,,89.40,65.06,282,208,251.96,7.758,13.0,1,,,,1
972,OPS 3928,PAYLOAD,,,88.22,74.97,219,154,193.55,7.792,9.0,0,,,,0
973,OPS 7040,PAYLOAD,,LARGE,87.62,98.65,161,152,163.75,7.81,9.0,0,,,,0
974,OPS 7040 DEB,DEBRIS,,,92.98,98.83,465,375,427.61,7.657,13.0,1,,,,1
975,OPS 7040 DEB,DEBRIS,,,92.56,98.77,431,369,407.12,7.669,13.0,1,,,,1
976,SCOUT X-4 DEB,DEBRIS,,MEDIUM,102.26,79.32,948,784,872.76,7.418,5.5,1,,,,0
977,SCOUT X-4 DEB,DEBRIS,,MEDIUM,104.42,80.04,1060,874,974.41,7.366,5.5,1,,,,0
978,TIROS 9,PAYLOAD,,MEDIUM,118.90,96.40,2559,703,1638.67,7.054,1.5,0,,,,0
979,DELTA 1 R/B,ROCKET BODY,,MEDIUM,118.47,96.42,2521,703,1619.35,7.063,1.5,0,,,,0
980,OPS 4703,PAYLOAD,,,88.79,102.55,288,141,221.79,7.776,9.0,0,,,,0
981,ATLAS AGENA D R/B,ROCKET BODY,,,88.04,102.54,213,142,184.62,7.798,9.0,0,,,,0
983,COSMOS 53,PAYLOAD,,,88.14,48.64,214,151,189.58,7.795,9.0,0,,,,0
984,SL-7 R/B,ROCKET BODY,,,90.39,48.67,388,200,300.76,7.729,9.0,0,,,,0
985,SL-7 DEB,DEBRIS,,,95.08,48.70,828,217,529.59,7.6,13.0,1,,,,1
986,SL-7 DEB,DEBRIS,,,93.51,48.60,712,181,453.42,7.643,13.0,1,,,,1
987,OSO 2,PAYLOAD,,LARGE,87.43,32.82,148,146,154.3,7.816,9.0,0,,,,0
988,DELTA 1 R/B,ROCKET BODY,,MEDIUM,88.47,32.86,203,195,205.94,7.785,9.0,0,,,,0
1085,PEGASUS 1,PAYLOAD,,,87.68,31.72,176,143,166.73,7.808,9.0,0,,,,0
1088,APOLLO MODEL 3,PAYLOAD,,LARGE,87.67,31.72,161,157,166.24,7.809,9.0,0,,,,0
1089,COSMOS 54,PAYLOAD,,,88.10,55.96,197,164,187.59,7.796,9.0,0,,,,0
1090,COSMOS 55,PAYLOAD,,,88.94,55.98,261,183,229.22,7.771,9.0,0,,,,0
1091,COSMOS 56,PAYLOAD,,,88.23,55.96,207,167,194.04,7.792,9.0,0,,,,0
1092,SL-8 R/B,ROCKET BODY,,,88.02,55.97,192,161,183.62,7.798,9.0,0,,,,0
1094,SL-8 DEB,DEBRIS,,,94.78,56.00,774,242,515.07,7.608,13.0,1,,,,1
1095,SL-4 R/B,ROCKET BODY,,,89.43,64.74,341,152,253.44,7.757,9.0,0,,,,0
1096,OPS 4782,PAYLOAD,,,89.37,75.07,307,180,250.47,7.759,9.0,0,,,,0
1097,COSMOS 58,PAYLOAD,,LARGE,87.35,64.96,145,142,150.32,7.818,9.0,0,,,,0
1098,SL-3 R/B,ROCKET BODY,,LARGE,87.32,64.98,149,134,148.83,7.819,9.0,0,,,,0
1099,THOR ABLESTAR DEB,DEBRIS,,MEDIUM,105.66,89.81,1053,997,1032.45,7.338,5.5,1,,,,0
1100,COSMOS 57 DEB,DEBRIS,,,89.81,64.85,384,146,272.19,7.746,13.0,1,,,,1
1101,COSMOS 57 DEB,DEBRIS,,,90.13,64.98,405,157,287.96,7.737,13.0,1,,,,1
1102,COSMOS 57 DEB,DEBRIS,,,87.67,64.75,179,138,166.24,7.809,13.0,1,,,,1
1103,COSMOS 57 DEB,DEBRIS,,,88.35,64.60,218,168,200.0,7.788,13.0,1,,,,1
1104,COSMOS 57 DEB,DEBRIS,,,90.62,64.73,455,155,312.07,7.723,13.0,1,,,,1
1105,COSMOS 57 DEB,DEBRIS,,,87.64,64.89,191,124,164.74,7.809,13.0,1,,,,1
1106,COSMOS 57 DEB,DEBRIS,,,88.46,64.74,227,170,205.45,7.785,13.0,1,,,,1
1107,COSMOS 57 DEB,DEBRIS,,,87.87,64.75,219,119,176.17,7.803,13.0,1,,,,1
1108,COSMOS 57 DEB,DEBRIS,,,88.95,64.70,268,177,229.71,7.771,13.0,1,,,,1
1109,COSMOS 57 DEB,DEBRIS,,,87.50,64.75,158,143,157.78,7.814,13.0,1,,,,1
1110,COSMOS 57 DEB,DEBRIS,,,88.02,64.70,211,141,183.62,7.798,13.0,1,,,,1
1111,COSMOS 57 DEB,DEBRIS,,,89.24,64.95,316,158,244.05,7.763,13.0,1,,,,1
1112,COSMOS 57 DEB,DEBRIS,,,88.07,64.60,247,111,186.11,7.797,13.0,1,,,,1
1113,COSMOS 57 DEB,DEBRIS,,,88.36,64.64,226,160,200.49,7.788,13.0,1,,,,1
1114,COSMOS 57 DEB,DEBRIS,,,88.21,64.67,265,106,193.05,7.793,13.0,1,,,,1
1115,COSMOS 57 DEB,DEBRIS,,,89.20,64.83,340,131,242.07,7.764,13.0,1,,,,1
1116,COSMOS 57 DEB,DEBRIS,,,89.31,64.73,338,142,247.51,7.76,13.0,1,,,,1
1117,COSMOS 57 DEB,DEBRIS,,,89.06,64.78,297,160,235.15,7.768,13.0,1,,,,1
1118,COSMOS 57 DEB,DEBRIS,,,88.55,64.95,258,148,209.91,7.783,13.0,1,,,,1
1119,COSMOS 57 DEB,DEBRIS,,,88.70,64.73,288,133,217.34,7.778,13.0,1,,,,1
1120,COSMOS 57 DEB,DEBRIS,,,89.67,64.74,317,199,265.28,7.75,13.0,1,,,,1
1121,COSMOS 57 DEB,DEBRIS,,,88.53,65.20,217,187,208.92,7.783,13.0,1,,,,1
1122,COSMOS 57 DEB,DEBRIS,,,89.03,64.68,336,117,233.67,7.769,13.0,1,,,,1
1123,COSMOS 57 DEB,DEBRIS,,,87.50,64.84,214,87,157.78,7.814,13.0,1,,,,1
1124,COSMOS 57 DEB,DEBRIS,,,89.36,65.00,329,157,249.98,7.759,13.0,1,,,,1
1125,COSMOS 57 DEB,DEBRIS,,,88.14,65.14,218,147,189.58,7.795,13.0,1,,,,1
1130,COSMOS 57 DEB,DEBRIS,,,90.13,64.83,403,159,287.96,7.737,13.0,1,,,,1
1131,COSMOS 57 DEB,DEBRIS,,,90.57,64.73,451,154,309.61,7.724,13.0,1,,,,1
1132,COSMOS 57 DEB,DEBRIS,,,90.64,64.67,560,52,313.06,7.722,13.0,1,,,,1
1133,COSMOS 57 DEB,DEBRIS,,,90.64,64.82,445,167,313.06,7.722,13.0,1,,,,1
1134,COSMOS 57 DEB,DEBRIS,,,90.88,64.61,478,158,324.85,7.716,13.0,1,,,,1
1135,COSMOS 57 DEB,DEBRIS,,,90.11,64.66,404,155,286.98,7.737,13.0,1,,,,1
1136,COSMOS 57 DEB,DEBRIS,,,90.36,64.75,429,155,299.28,7.73,13.0,1,,,,1
1137,COSMOS 57 DEB,DEBRIS,,,91.08,64.89,474,181,334.67,7.71,13.0,1,,,,1
1140,COSMOS 57 DEB,DEBRIS,,,90.02,64.77,413,138,282.54,7.74,13.0,1,,,,1
1141,COSMOS 57 DEB,DEBRIS,,,90.78,64.68,448,177,319.94,7.718,13.0,1,,,,1
1142,COSMOS 57 DEB,DEBRIS,,,90.27,64.81,426,149,294.85,7.733,13.0,1,,,,1
1143,COSMOS 57 DEB,DEBRIS,,,91.64,64.62,579,132,362.13,7.694,13.0,1,,,,1
1144,COSMOS 57 DEB,DEBRIS,,,90.48,64.70,454,142,305.19,7.727,13.0,1,,,,1
1145,COSMOS 57 DEB,DEBRIS,,,90.28,64.71,412,164,295.35,7.733,13.0,1,,,,1
1146,COSMOS 57 DEB,DEBRIS,,,90.43,64.95,445,146,302.73,7.728,13.0,1,,,,1
1147,COSMOS 57 DEB,DEBRIS,,,91.01,64.67,478,170,331.23,7.712,13.0,1,,,,1
1150,COSMOS 57 DEB,DEBRIS,,,89.79,65.05,382,146,271.2,7.747,13.0,1,,,,1
1152,COSMOS 57 DEB,DEBRIS,,,90.76,64.67,473,151,318.95,7.719,13.0,1,,,,1
1153,COSMOS 57 DEB,DEBRIS,,,90.32,64.89,415,165,297.32,7.731,13.0,1,,,,1
1154,COSMOS 57 DEB,DEBRIS,,,90.75,64.81,469,153,318.46,7.719,13.0,1,,,,1
1155,COSMOS 57 DEB,DEBRIS,,,89.86,64.84,382,153,274.65,7.745,13.0,1,,,,1
1156,COSMOS 57 DEB,DEBRIS,,,91.11,64.66,487,171,336.14,7.709,13.0,1,,,,1
1157,COSMOS 57 DEB,DEBRIS,,,90.20,64.68,379,189,291.41,7.735,13.0,1,,,,1
1158,COSMOS 57 DEB,DEBRIS,,,89.18,64.85,315,153,241.09,7.764,13.0,1,,,,1
1159,COSMOS 57 DEB,DEBRIS,,,90.39,64.42,444,143,300.76,7.729,13.0,1,,,,1
1162,COSMOS 57 DEB,DEBRIS,,,92.31,64.67,621,154,394.91,7.675,13.0,1,,,,1
1164,COSMOS 57 DEB,DEBRIS,,,89.35,64.69,298,186,249.49,7.759,13.0,1,,,,1
1165,COSMOS 57 DEB,DEBRIS,,,89.36,64.94,302,184,249.98,7.759,13.0,1,,,,1
1166,COSMOS 57 DEB,DEBRIS,,,88.90,64.59,291,149,227.24,7.772,13.0,1,,,,1
1167,COSMOS 57 DEB,DEBRIS,,,91.14,64.74,493,168,337.61,7.708,13.0,1,,,,1
1168,COSMOS 57 DEB,DEBRIS,,,89.34,64.61,370,113,248.99,7.76,13.0,1,,,,1
1170,COSMOS 57 DEB,DEBRIS,,,88.64,65.15,279,135,214.37,7.78,13.0,1,,,,1
1173,COSMOS 57 DEB,DEBRIS,,,88.38,64.93,236,153,201.48,7.788,13.0,1,,,,1
1174,COSMOS 57 DEB,DEBRIS,,,90.68,64.78,452,163,315.02,7.721,13.0,1,,,,1
1177,COSMOS 57 DEB,DEBRIS,,,91.11,64.80,492,166,336.14,7.709,13.0,1,,,,1
1179,COSMOS 57 DEB,DEBRIS,,,91.32,64.77,501,177,346.44,7.703,13.0,1,,,,1
1181,COSMOS 57 DEB,DEBRIS,,,89.53,64.75,348,154,258.37,7.754,13.0,1,,,,1
1182,COSMOS 57 DEB,DEBRIS,,,91.67,64.57,514,199,363.6,7.693,13.0,1,,,,1
1183,COSMOS 57 DEB,DEBRIS,,,88.67,64.68,279,139,215.85,7.779,13.0,1,,,,1
1184,COSMOS 57 DEB,DEBRIS,,,89.01,64.87,295,156,232.68,7.769,13.0,1,,,,1
1185,COSMOS 57 DEB,DEBRIS,,,89.56,64.79,345,161,259.86,7.753,13.0,1,,,,1
1187,COSMOS 57 DEB,DEBRIS,,,89.20,64.60,332,137,242.07,7.764,13.0,1,,,,1
1188,COSMOS 57 DEB,DEBRIS,,,89.56,64.81,368,137,259.86,7.753,13.0,1,,,,1
1190,COSMOS 57 DEB,DEBRIS,,,89.94,63.86,423,120,278.6,7.742,13.0,1,,,,1
1191,COSMOS 59,PAYLOAD,,,89.79,64.98,323,206,271.2,7.747,9.0,0,,,,0
1192,SL-3 R/B,ROCKET BODY,,,88.75,65.00,239,186,219.81,7.777,9.0,0,,,,0
1193,OPS 4782 DEB,DEBRIS,,,88.92,75.06,275,167,228.23,7.772,13.0,1,,,,1
1194,COSMOS 57 DEB,DEBRIS,,,90.43,64.70,405,186,302.73,7.728,13.0,1,,,,1
1195,COSMOS 57 DEB,DEBRIS,,,90.25,64.77,400,173,293.87,7.733,13.0,1,,,,1
1196,COSMOS 57 DEB,DEBRIS,,,91.20,64.77,491,175,340.56,7.706,13.0,1,,,,1
1197,COSMOS 57 DEB,DEBRIS,,,90.52,64.81,465,135,307.16,7.726,13.0,1,,,,1
1198,COSMOS 57 DEB,DEBRIS,,,89.75,64.64,387,137,269.23,7.748,13.0,1,,,,1
1199,COSMOS 57 DEB,DEBRIS,,,91.36,64.70,508,174,348.41,7.702,13.0,1,,,,1
1202,COSMOS 57 DEB,DEBRIS,,,90.24,64.77,411,161,293.38,7.734,13.0,1,,,,1
1203,COSMOS 57 DEB,DEBRIS,,,89.23,64.78,325,148,243.56,7.763,13.0,1,,,,1
1204,COSMOS 57 DEB,DEBRIS,,,89.76,64.64,367,158,269.72,7.747,13.0,1,,,,1
1205,COSMOS 57 DEB,DEBRIS,,,90.48,64.64,478,118,305.19,7.727,13.0,1,,,,1
1206,COSMOS 57 DEB,DEBRIS,,,90.03,64.73,394,158,283.03,7.74,13.0,1,,,,1
1208,SECOR 3,PAYLOAD,,MEDIUM,103.15,70.08,920,895,914.73,7.397,1.5,0,,,,0
1209,COSMOS 57 DEB,DEBRIS,,,91.40,65.28,449,238,350.37,7.701,13.0,1,,,,1
1210,COSMOS 57 DEB,DEBRIS,,,90.94,64.75,473,168,327.8,7.714,13.0,1,,,,1
1211,COSMOS 57 DEB,DEBRIS,,,91.02,64.88,486,163,331.72,7.712,13.0,1,,,,1
1213,COSMOS 57 DEB,DEBRIS,,,90.10,65.04,412,147,286.48,7.738,13.0,1,,,,1
1214,COSMOS 57 DEB,DEBRIS,,,90.09,64.83,394,164,285.99,7.738,13.0,1,,,,1
1215,COSMOS 57 DEB,DEBRIS,,,90.25,64.79,409,164,293.87,7.733,13.0,1,,,,1
1216,COSMOS 57 DEB,DEBRIS,,,89.95,64.75,391,154,279.09,7.742,13.0,1,,,,1
1217,COSMOS 57 DEB,DEBRIS,,,91.40,64.76,504,182,350.37,7.701,13.0,1,,,,1
1219,COSMOS 57 DEB,DEBRIS,,,89.85,64.85,379,155,274.16,7.745,13.0,1,,,,1
1220,COSMOS 57 DEB,DEBRIS,,,89.78,64.82,373,154,270.71,7.747,13.0,1,,,,1
1222,COSMOS 57 DEB,DEBRIS,,,90.69,64.38,396,221,315.51,7.721,13.0,1,,,,1
1223,COSMOS 57 DEB,DEBRIS,,,92.72,64.63,678,138,414.93,7.664,13.0,1,,,,1
1225,COSMOS 57 DEB,DEBRIS,,,89.76,64.70,362,163,269.72,7.747,13.0,1,,,,1
1226,COSMOS 57 DEB,DEBRIS,,,89.36,64.83,315,171,249.98,7.759,13.0,1,,,,1
1228,THOR ABLESTAR R/B,ROCKET BODY,,,88.10,89.97,192,169,187.59,7.796,9.0,0,,,,0
1229,COSMOS 57 DEB,DEBRIS,,,91.24,64.77,512,159,342.52,7.705,13.0,1,,,,1
1232,COSMOS 57 DEB,DEBRIS,,,91.01,64.93,483,165,331.23,7.712,13.0,1,,,,1
1234,COSMOS 57 DEB,DEBRIS,,,92.03,64.71,568,180,381.22,7.683,13.0,1,,,,1
1235,COSMOS 57 DEB,DEBRIS,,,91.01,64.71,505,143,331.23,7.712,13.0,1,,,,1
1239,COSMOS 57 DEB,DEBRIS,,,92.46,64.68,613,177,402.23,7.671,13.0,1,,,,1
1241,COSMOS 57 DEB,DEBRIS,,,91.78,64.81,544,179,368.98,7.69,13.0,1,,,,1
1242,COSMOS 57 DEB,DEBRIS,,,91.70,64.77,564,152,365.07,7.692,13.0,1,,,,1
1244,GGSE 2,PAYLOAD,,MEDIUM,103.14,70.08,921,894,914.26,7.397,1.5,0,,,,0
1245,THOR AGENA D R/B,ROCKET BODY,,LARGE,103.03,70.08,916,888,909.08,7.399,1.5,0,,,,0
1246,COSMOS 60,PAYLOAD,,,88.91,64.72,247,194,227.73,7.772,9.0,0,,,,0
1247,OPS 4920,PAYLOAD,,,88.83,107.63,286,147,223.77,7.774,9.0,0,,,,0
1248,THOR ABLESTAR DEB,DEBRIS,,,89.21,90.02,260,211,242.57,7.763,13.0,1,,,,1
1250,SECOR 2 (EGRS 2),PAYLOAD,,,88.17,89.91,191,177,191.07,7.794,9.0,0,,,,0
1251,THOR ABLESTAR DEB,DEBRIS,,,89.38,89.97,281,207,250.97,7.758,13.0,1,,,,1
1252,SL-6 R/B,ROCKET BODY,,,88.46,64.74,207,190,205.45,7.785,9.0,0,,,,0
1253,SL-6 DEB,DEBRIS,,,88.57,64.75,230,178,210.9,7.782,13.0,1,,,,1
1255,COSMOS 57 DEB,DEBRIS,,,91.98,64.68,544,200,378.77,7.685,13.0,1,,,,1
1256,COSMOS 57 DEB,DEBRIS,,,91.43,64.87,527,162,351.84,7.7,13.0,1,,,,1
1257,COSMOS 57 DEB,DEBRIS,,,90.65,64.68,451,162,313.55,7.722,13.0,1,,,,1
1259,ATLAS AGENA D R/B,ROCKET BODY,,,88.97,107.65,301,146,230.7,7.77,9.0,0,,,,0
1260,ATLAS AGENA D DEB,DEBRIS,,,88.75,107.53,279,146,219.81,7.777,13.0,1,,,,1
1261,COSMOS 57 DEB,DEBRIS,,,92.36,64.81,607,173,397.35,7.674,13.0,1,,,,1
1263,COSMOS 57 DEB,DEBRIS,,,89.06,64.81,308,148,235.15,7.768,13.0,1,,,,1
1264,COSMOS 57 DEB,DEBRIS,,,90.46,64.73,424,171,304.2,7.727,13.0,1,,,,1
